# Spherical harmonic coefficients for the Swarm High-latitude convection (Swarm Hi-C) model
# Produced 01 April 2026
#
# Based on Swarm convection measurements made between 2014-05 and 2025-10, inclusive, using EFI TII Cross-Track Flow Data version 0401 (https://earth.esa.int/eogateway/documents/20142/37627/swarm-EFI-TII-cross-track-flow-dataset-release-notes.pdf).
# Original file: model_v4.0FINAL_iteration_37.txt produced by Fasil Tesema, UiB
# Reference: Hatch et al. (2025), "Does high-latitude ionospheric electrodynamics exhibit hemispheric mirror symmetry?", Annales Geophysicae (https://doi.org/10.5194/angeo-42-229-2024)
#
# Coefficient unit: mV/m
# Apex reference height: 110 km
# Earth radius: 6371.2 km
#
# Spherical harmonic degree, order: 65, 3 (for T)
# 
# column names:
#n m tor_c_const tor_s_const tor_c_sinca tor_s_sinca tor_c_cosca tor_s_cosca tor_c_epsilon tor_s_epsilon tor_c_epsilon_sinca tor_s_epsilon_sinca tor_c_epsilon_cosca tor_s_epsilon_cosca tor_c_tilt tor_s_tilt tor_c_tilt_sinca tor_s_tilt_sinca tor_c_tilt_cosca tor_s_tilt_cosca tor_c_tilt_epsilon tor_s_tilt_epsilon tor_c_tilt_epsilon_sinca tor_s_tilt_epsilon_sinca tor_c_tilt_epsilon_cosca tor_s_tilt_epsilon_cosca tor_c_tau tor_s_tau tor_c_tau_sinca tor_s_tau_sinca tor_c_tau_cosca tor_s_tau_cosca tor_c_tilt_tau tor_s_tilt_tau tor_c_tilt_tau_sinca tor_s_tilt_tau_sinca tor_c_tilt_tau_cosca tor_s_tilt_tau_cosca tor_c_f107 tor_s_f107 
 3 0    -0.0968        nan    0.03391        nan   0.002485        nan    0.02301        nan   -0.05529        nan    0.02884        nan   0.001931        nan  -0.001061        nan   0.001224        nan   0.003039        nan   0.002191        nan   0.002233        nan   -0.02857        nan   -0.02504        nan     0.0306        nan  -0.002338        nan  -0.001825        nan  0.0002689        nan    0.00479        nan
 3 1   0.002128   -0.06843  -0.004035   0.009838    0.03536    0.07582 -0.0006683    0.08603   0.004122  -0.006619   -0.01746   -0.02841  -0.009412  -0.005047   0.001987  0.0007679   0.003856 -0.0002184  -0.001774  -0.002784  -0.001182 -0.0008641  -0.001552  -0.002075   0.009887    0.02001   0.001145 -0.0007994   -0.00849   -0.01404  -0.002921   -0.00515  -0.003657  -0.001858  -0.002103   -0.00573   0.005765   -0.02743
 4 0    0.09298        nan    0.01139        nan    0.06227        nan  -0.004506        nan    0.01116        nan   -0.00514        nan   0.002553        nan  -0.004709        nan   0.004588        nan  -0.003727        nan  0.0007856        nan   0.001379        nan   0.001413        nan  -0.008174        nan   0.001474        nan   0.004541        nan  -0.003636        nan -0.0007779        nan  -0.009303        nan
 4 1   -0.05127   -0.03326   -0.03881    0.03106  -0.003197  -0.001239     0.0109    0.01582    0.02261   -0.00607    0.01343   0.002649  -0.001095  -0.009855  0.0008436 -0.0008349  -0.001837  0.0006786  -0.002015   0.001482   0.001456   1.99e-05   0.004285    0.00142  -0.002958   0.009265   0.009827  -0.008803    0.01024  -0.002436   0.003475   -0.00357  -0.001538   0.001247   0.001852   0.002159    0.01048   -0.01017
 4 2  -0.009126     0.0326   -0.00249  -0.001554    0.01915  -0.007769  -0.002411     0.0124   0.001111  -0.001689   -0.01745  -0.004323 -5.398e-05  4.201e-06   0.002353 -0.0003307   0.002184 -0.0009316  0.0001458   0.003144  0.0007576  -0.001755 -0.0002233  -0.002144    0.01153    0.00769   -0.00169   0.002338    -0.0141  -0.004279   0.001105   0.003022  -0.003783  -0.004169   0.001254   0.002035  0.0004847   0.005238
 5 0   -0.09512        nan    0.04511        nan       0.01        nan    0.03227        nan   -0.08372        nan    0.03118        nan   0.001648        nan  5.721e-05        nan  0.0008955        nan   -0.00151        nan  -0.001254        nan   0.001531        nan   -0.03409        nan   -0.04603        nan    0.03392        nan -0.0008292        nan  0.0005231        nan   0.001629        nan -6.568e-05        nan
 5 1   -0.01543   -0.07877  -0.009756    0.02262    0.07178     0.1258    0.01362     0.1808   0.009509  -0.009012   -0.03071   -0.04426  -0.005881  -0.001511   0.002703 -0.0002225   0.003107 -0.0006916  -0.003856  -0.002153  -0.002111 -0.0006586   -0.00237  -0.001622    0.01833    0.03633 -0.0002192  7.144e-05   -0.01214   -0.03168   0.002327  -0.003256  -0.002085  -0.001186  -0.002206  -0.001806   0.004054   -0.01452
 5 2   -0.02989   -0.02426    0.00678   0.002335  -0.008792    0.01097   0.003915    0.01396  -0.004302  -0.002291   0.002587     0.0128   0.001657  -0.004416   0.001345  0.0004333  0.0004757  -0.001175 -0.0007424  -0.003056   0.004425  0.0005448 -0.0008698  -0.005066  0.0006888   -0.01123   0.001327  -0.001508   0.005055    0.01852   0.001463   0.001386  -0.004696  -0.001693  -0.004271   0.004716 -0.0009034  -0.001585
 5 3   0.001014   -0.01828 -0.0007493   0.003322 -0.0005786  -0.004298   0.004724  -0.003762   0.002223  -0.001995  0.0008072   0.002323  -0.003205  -0.002678   0.001442  -0.001908  7.865e-06    -0.0001  -0.001843  0.0006381  0.0001805  -0.002585   0.001102  -0.001646 -0.0005369   0.004032   0.000524  -0.001025   0.001926   0.001886  -0.001049  -0.003603  -0.001366  -0.003138  0.0007388  -0.003733  -0.001775   -0.01105
 6 0    0.02573        nan    0.00623        nan    0.08852        nan    0.02618        nan   0.008368        nan   0.004833        nan    0.00424        nan   0.001724        nan  -0.003559        nan   0.002507        nan   -0.00146        nan -0.0002012        nan  -0.001542        nan  -0.004715        nan   0.007375        nan  -0.005916        nan   0.001223        nan  0.0006942        nan   0.005428        nan
 6 1   -0.07609   -0.05863   -0.07227    0.04578  0.0004881   0.005713    0.01925    0.02031    0.03132   -0.01263    0.02463    0.00701   0.001104     -0.003   0.001032  -0.001161 -0.0004181 -0.0007344 -2.948e-05  0.0007354  0.0001459  0.0007417  0.0009367   0.001224   -0.01066    0.01088     0.0158  -0.008564    0.01198  -0.001397  0.0003082  0.0002665 -3.727e-05  0.0005862  -8.85e-05  0.0008421   0.001216 -7.354e-05
 6 2   -0.02921    0.07351  -0.008332  -0.004232    0.04372   -0.03792    -0.0033    0.01984  0.0007217  -0.001705   -0.03713   -0.00307   0.000786 -0.0004321   0.002273  -6.56e-05     0.0018  -0.001613  0.0003132   0.005337  0.0007676  -0.001282  0.0004591  -0.001952    0.02892    0.01939  -0.003639   0.003604   -0.03019   -0.01227   0.003304   0.003981  -0.003018  -0.005305   0.002282   0.002341  0.0003924       0.01
 6 3   0.005437   -0.00925    0.01073   0.007062  0.0003334 -0.0005613   0.002988  -0.001368   0.002598  -0.000162   0.001637 -0.0001535  0.0001778  -0.004951   0.001278 -5.079e-05  0.0007541   0.000911  0.0005284   0.001313  -0.001004  0.0004064  0.0004026 -0.0004502 -0.0009088   0.001711  -0.003339  -0.001844   0.001555  -0.001036  -0.003499  -0.004736   0.001505 -0.0004275  0.0006529  -0.003105  4.969e-05  0.0009104
 7 0   -0.05424        nan    0.02741        nan     0.0187        nan    0.02762        nan    -0.0994        nan    0.02143        nan -8.868e-05        nan  0.0001773        nan -0.0003617        nan  -0.001959        nan  -0.002336        nan -0.0002865        nan    -0.0237        nan   -0.05228        nan    0.02322        nan -2.247e-05        nan   0.001403        nan -0.0002868        nan   -0.00161        nan
 7 1    -0.0412     0.0366   -0.01318    0.03147      0.079    0.07078    0.04292       0.21    0.01023  -0.006037   -0.02172   -0.02427   0.005362    0.00465   0.002047  -0.001854 -0.0008169  -0.001386 -0.0001375   0.003551 -0.0007857  0.0001077  -0.001546  0.0002267    0.01474    0.03117  -0.001758  0.0009345  -0.003635    -0.0338   0.001708   0.003152  0.0005733   0.001322 -0.0008764   0.002142  -0.007303    0.02071
 7 2    -0.0639   -0.05725    0.01165   0.002139   -0.01755     0.0193   0.005959    0.02749  -0.005005  -0.002857   0.004069    0.02606   0.002386   -0.00416   0.001703  -0.000456 -0.0002487 -0.0006545 -0.0001545  -0.001404   0.002208  0.0006527 -4.898e-05  -0.002982   0.002808   -0.02489  -0.003553  -0.002486   0.004648    0.03184  0.0007633   0.002345  -0.002446  -0.001139  -0.002318   0.002029  1.364e-05  -0.001618
 7 3  -0.004269   -0.05662  -0.001615   0.008582  -0.001372   -0.01531    0.01062  -0.005634   0.004202  -0.003655   0.002972   0.004654  -0.005108   -0.00477   0.002108  -0.002755 -1.453e-05  0.0001111  -0.003882   0.001264  0.0007635  -0.004312  0.0009409  -0.002042  -0.001293   0.008555  0.0005511  -0.002556   0.004831   0.001159  -0.001935  -0.007237  -0.001789  -0.004973  0.0003108  -0.006668  -0.005423   -0.01784
 8 0   -0.08845        nan  -0.003336        nan    0.07606        nan    0.05583        nan   0.003767        nan    0.02623        nan   0.001857        nan  0.0002769        nan  -0.002045        nan    0.00177        nan  -0.001047        nan -0.0002916        nan  -0.009503        nan  -0.001456        nan    0.02098        nan   0.001764        nan -0.0007749        nan   0.002161        nan  -0.004603        nan
 8 1   -0.05175   -0.04859    -0.0864    0.03905    0.01062    0.01898    0.01826    0.01499    0.03071    -0.0149    0.02225   0.008827  0.0008451   0.005023  0.0003881 -0.0005951    0.00126  -0.001528   0.001168   0.001545 -0.0003654 -0.0002674   -0.00384   0.001454   -0.01324   0.005945    0.01526  -0.004778   0.008445  0.0003239  -0.002583 -0.0007586   0.001001  -0.001174  -0.001422  0.0004699  -0.008294   0.005417
 8 2   -0.03819     0.1005   -0.01247  -0.005716    0.04142   -0.08717   0.002183   0.006536  -0.001393  0.0008177   -0.03519   0.004345   0.001953  -0.002103  -0.001633  0.0007286   -0.00166 -0.0009133 -3.682e-05  -0.001162 -0.0001799  0.0006568  0.0001144  0.0005901    0.03576    0.02883  -0.003993   0.001881   -0.02961   -0.02056  -0.001517 -0.0009804   0.001136   0.001722 -0.0006893  0.0007549 -0.0007484  -0.003003
 8 3   0.007848   -0.02311    0.02474    0.01121  0.0007965  -0.003617     0.0043  -0.003907 -0.0004185  -0.001541   0.001519 -0.0007373 -5.291e-05  -0.004312   0.001702  0.0003855  0.0007384   0.001303  -0.000843  0.0009971  -0.001139  0.0003514   0.000501 -0.0003286  0.0005847   0.003012  -0.002785  -0.002361  0.0005929  -0.002997  -0.002262  -0.003258    0.00139 -0.0003234  0.0008462  -0.001856   0.001381 -0.0002885
 9 0    -0.0267        nan  -0.007728        nan    0.01923        nan    0.01807        nan     -0.103        nan    0.01387        nan  -0.000992        nan -0.0005754        nan -0.0009786        nan -0.0006675        nan  0.0006139        nan -0.0001128        nan   -0.01176        nan   -0.04794        nan    0.01379        nan   -0.00012        nan  -0.001213        nan  -0.001276        nan   0.001358        nan
 9 1   -0.03505     0.2102   -0.01112      0.033    0.05041   -0.06599    0.06549     0.1569   0.003847  -0.004196   0.004647    0.01417   0.005529   0.004383   0.001116  -0.001514  -0.001065  -0.001765 -0.0004084 -0.0005955  -0.001122 -0.0005059 -0.0004919   0.001866   0.001711   0.009441  0.0007556 -0.0006299   0.009858   -0.01639   0.000348   0.002757  0.0005092 -0.0002592  4.894e-05   0.002724    0.00171   0.007932
 9 2   -0.07421   -0.07967   0.009281  -0.004247    -0.0176    0.01953   0.003558    0.02988  -0.002743  -0.001854   0.002557    0.02885   0.002061  0.0001726  0.0004098  -0.001454  -0.001376   0.001114 -0.0003235  0.0007351  -0.003043 -0.0002638  0.0001611   0.002933   0.005432   -0.02839  -0.009703  -0.001401  -0.001229     0.0294 -0.0004537  -0.001057   0.002939  0.0009328   0.002674  -0.002849   0.001055   0.001801
 9 3   -0.02069    -0.0817    0.00045   0.009363  -0.002091   -0.02796   0.008264  6.531e-05   0.002141  -0.001428   0.003053   0.004226  -0.001609  -0.001669 -0.0007202  0.0006373   0.000131   0.000465  0.0008207   0.000131 -0.0002487  0.0006761   0.001432  0.0004896  0.0004522   0.007548  -0.000774  -0.002713   0.003489  -0.005049  -0.001314  0.0008529  9.192e-05  0.0006701  0.0009459   0.001078  0.0002999   0.001765
10 0    -0.1348        nan  -0.006902        nan    0.03449        nan    0.06034        nan   0.001188        nan    0.04068        nan  -0.001097        nan  -0.003078        nan   0.002729        nan -0.0003537        nan  0.0009334        nan   0.003832        nan   -0.01537        nan -0.0007678        nan    0.03075        nan -0.0007139        nan  -0.002335        nan  0.0002247        nan  -0.002446        nan
10 1  0.0004563  -0.004269   -0.08552      0.026    0.01928    0.02655   0.009452   0.008453    0.03278   -0.01234   0.007579   0.005588   -0.00062  0.0001237 -8.617e-05 -0.0005295 -4.634e-05 -0.0002741   -0.00157   0.002023 -0.0002681 -0.0002467   0.001155   0.002073   -0.00569   0.002631    0.01183  -0.005532   0.005492 -0.0008258   0.001102 -0.0002818 -0.0003599  0.0001186  0.0005605   0.001854   0.003076   -0.00138
10 2  -0.005686     0.1321  -0.009049  -0.003239   0.001295    -0.1232   0.009136   -0.01805  -0.001767   0.001521    -0.0133   0.002014   0.001896 -0.0005539  -0.003313  0.0007338  -0.002819 -0.0002944  -0.000884  -0.003766 -0.0001856  0.0002675 -0.0001447   0.003208    0.02482     0.0349   -0.00327  0.0005429   -0.01398   -0.02775  -0.002723  -0.005302   0.002213   0.003337  -0.001081  -0.002018  -0.001119  -0.008719
10 3  -0.001196   -0.03352     0.0301   0.003517   0.001695  -0.008539  0.0005795  -0.004232  -0.008865  -0.003409  -0.002791  0.0007939  -0.000277     0.0021  0.0004536   0.001189 -0.0005819  0.0001172  0.0001995 -0.0008415  8.716e-05 -6.176e-05 -0.0002121  0.0007176   0.005461   0.001159   0.002498 -5.434e-05  -0.004826  -0.002603   0.001433   0.001763  -0.001283 -0.0002375  0.0002153   0.001997  -0.002142  0.0006989
11 0   -0.02141        nan   -0.03995        nan   0.007312        nan     0.0142        nan   -0.08712        nan     0.0127        nan -0.0009399        nan  -0.000475        nan -0.0003918        nan  -0.001744        nan   0.001257        nan  -0.001172        nan  -0.008488        nan   -0.04574        nan     0.0112        nan   0.001391        nan -0.0005883        nan -1.549e-05        nan   0.001335        nan
11 1    0.01477     0.3175  -0.004194    0.02649  0.0009562    -0.1794    0.05836    0.06371  -0.004183  -0.004131    0.02514    0.03681  -0.002979  -0.001339  3.654e-05 -0.0006583   0.001113  -0.001284   -0.00184  -0.001721 -0.0006756  4.277e-05  -0.001127  -0.002915  -0.006831  -0.008709   0.004505  -0.002295    0.01427  -0.002025 -4.221e-05  -0.004327  -0.002722 -0.0007219  -0.001126  -0.004922   0.001888   -0.01451
11 2   -0.05518    -0.0782   0.002671    -0.0149  -0.008854    0.01619  0.0001268    0.02213  -0.003307 -0.0008852  0.0002663    0.02105  0.0006526   0.001691 -0.0004068 -0.0009261 -0.0009706   0.001025  0.0004382   0.001739  -0.001341  0.0002023  0.0003159   0.003056    0.00604   -0.01899  -0.008521    0.00106  -0.003834     0.0194  -0.001297  -0.002093   0.001044  0.0008689   0.001675 -0.0005313  0.0001995  0.0007839
11 3   -0.03329    -0.0605   0.007489   0.003688  -0.003714   -0.03207   -0.00221   0.003676  -0.001492   0.002198  -0.003524   0.004176   0.001624    0.00102  -0.002445   0.002812 -1.639e-05  0.0006335   0.004028 -0.0006052 -0.0003853   0.002656 -0.0005334   0.001584   0.007485   0.005444  -0.002004  -0.001472  -0.004538  -0.009208    0.00144   0.004749   0.001753   0.003053   0.000823   0.004565   0.005162    0.01461
12 0   -0.08628        nan  -0.002569        nan   -0.01124        nan    0.03925        nan  0.0003275        nan    0.03704        nan -0.0005645        nan -0.0002087        nan   0.000447        nan -0.0005668        nan -0.0005047        nan  9.967e-05        nan   -0.01242        nan -0.0006275        nan    0.02705        nan  -0.002273        nan -0.0006029        nan  0.0004408        nan   0.001081        nan
12 1    0.03994    0.03999   -0.07773    0.01705    0.01879    0.01893  0.0005791   0.001716    0.03426  -0.009165   -0.00545  0.0005004  -0.001427  -0.003236  0.0005386 -0.0007494  -0.002021   0.001289 -0.0005841 -6.964e-05  0.0006686  0.0003672   0.002367    0.00062    0.00277   0.003198   0.009536  -0.007539  0.0006882  -0.003185  0.0009744   -0.00154  -0.000666  0.0007855  0.0004442  0.0003774   0.004128  -0.004225
12 2    0.06113     0.1657  -0.002003   0.003772   -0.05057    -0.1134   0.005729   -0.04054   0.000433 -0.0006788    0.00768   -0.01459  0.0002478   0.001254 -0.0005339  0.0001749  9.444e-06 -0.0009701  -0.000228    0.00448   0.001251 -0.0005799 -0.0006316  -0.001092   0.008341    0.03821  -0.002475  0.0007346 -0.0002276   -0.03316   0.002653   0.002419 -0.0009559  -0.002519  0.0005062   0.001628  0.0009225   0.008815
12 3   -0.01701     -0.038     0.0244  -0.009892   0.002795   -0.01126  -0.004931 -0.0004129   -0.01147  -0.003305  -0.008261    0.00648 -0.0004863   0.003446 -0.0002665   0.001594  -0.001385    -0.0011  0.0007728 -0.0008925  0.0002432 -0.0004296  0.0001218 -5.963e-05   0.009931  -0.003629   0.003928   0.002108   -0.01004   0.002318   0.001201   0.003219 -0.0007444  0.0001056 -0.0001873  0.0009902   0.002053 -0.0001676
13 0   -0.02193        nan   -0.06402        nan  -0.008238        nan    0.01343        nan   -0.05509        nan    0.01352        nan  -9.55e-05        nan  0.0001163        nan  0.0006735        nan  -0.001451        nan  -0.001695        nan -0.0008465        nan  -0.009999        nan    -0.0442        nan    0.01111        nan -0.0004543        nan  0.0006414        nan  -0.001151        nan  -0.001212        nan
13 1    0.06819      0.299   0.003693    0.01238    -0.0436    -0.1835    0.02065   -0.01622  -0.006774  -0.001751    0.02216    0.02867   -0.00185  0.0002664  -0.001587 -0.0001846  0.0003403 -0.0005517  -0.001106 -0.0008139 -0.0008756 -0.0003736  0.0002012 -0.0003707 -0.0009176  -0.009485   0.003618 -0.0006797   0.004142    -0.0101 -0.0003841   0.000764 -0.0002253  -0.000584  3.012e-06 -0.0004844 -0.0002096  -0.001331
13 2   -0.02436   -0.05131  -0.002188   -0.02353  0.0008744    0.01144  0.0002716    0.01136  -0.006283  0.0005859  0.0007948   0.009918 -0.0003917 -0.0005641  -0.000241 -6.259e-05  0.0003309 -0.0007483   0.001029 -0.0007456   0.002954  0.0006146  0.0007792  -0.002366   0.002331  -0.006551   -0.00453   0.002898 -0.0005739    0.01003  0.0004195 -0.0005169  -0.002526  -0.001563  -0.001449   0.003657 -0.0004089 -0.0008274
13 3   -0.02217  -0.004477    0.01639  -0.002819  -0.005816   -0.02012   -0.01212   -0.00243  -0.002212   0.002726   -0.01299   0.005734   -0.00089 -0.0005879 -0.0004196 -3.561e-05 -0.0002997  0.0003242 -2.507e-05   0.001182   0.000152 -0.0005699  0.0005576  0.0003931    0.01521   0.006718  -0.001946 -9.937e-05   -0.01358  -0.007321  4.395e-05  -0.002435 -0.0002459 -0.0007528 -0.0004198  -0.000136  -0.004002  -0.002002
14 0  -0.007355        nan    0.00313        nan    -0.0373        nan   0.008287        nan   0.001377        nan    0.02379        nan   0.001145        nan   0.002358        nan  -0.002587        nan   0.003304        nan -0.0007274        nan  -0.001007        nan  -0.005394        nan -0.0008666        nan    0.01625        nan  0.0008699        nan    0.00133        nan   0.001697        nan   0.001109        nan
14 1    0.04287    0.05065   -0.06332    0.01097   0.007758   0.001384   -0.00386  -0.005596     0.0287  -0.008552  -0.007702  -0.002484 -0.0002376   0.002201  0.0007492 -0.0007278  -0.001441  0.0004407   0.001416   0.001941  0.0002897  0.0002212 -0.0008648  0.0005961   0.004811   0.004435   0.009147  -0.005573  -0.005208  -0.003695  0.0004897 -0.0006408  7.342e-05  9.392e-05   5.58e-05  0.0005968  -0.003852  0.0003644
14 2     0.1079      0.149  -0.002033    0.01091   -0.07474   -0.05688   -0.01227   -0.05793   0.002325  -0.001294    0.01372    -0.0288 -0.0001369   0.001693   0.001163  0.0005618   0.001365  -0.001103 -0.0004823   0.001267  0.0008395  -0.001256  -0.001183 -0.0001892   0.002028    0.03686  -0.001663 -0.0002908   0.001729   -0.03421   0.001668   0.002405  -0.002228  -0.002906  9.985e-05    0.00186  -0.001141  0.0008227
14 3   -0.02616   -0.03762    0.01399   -0.01649   0.002274  -0.009208  -0.006773   0.004521  -0.005566  -0.001078      -0.01    0.01158 -0.0006615  -0.002057  0.0005562   0.001075  -0.000492 -0.0002647 -0.0008177  0.0001445  -0.000665  4.819e-05  0.0001267 -0.0006133   0.009659  -0.006869 -0.0007198   0.001797   -0.01042    0.00714 -0.0007355  -0.002177  0.0006719 -0.0002469 -0.0002668  -0.002437 -0.0006514  0.0001898
15 0   -0.01843        nan   -0.08574        nan    -0.0141        nan   0.008014        nan   -0.02077        nan    0.01066        nan   0.000363        nan  7.959e-05        nan  0.0007507        nan -0.0003735        nan  -0.001091        nan -0.0009301        nan   -0.00716        nan   -0.03392        nan   0.007568        nan  0.0004197        nan  0.0004852        nan  0.0001989        nan  -0.001878        nan
15 1    0.07753     0.1879    0.00811  -0.005739   -0.05847     -0.088   -0.02454   -0.05933  -0.004701   0.001575   0.001384   0.002242   0.003217   0.003074  -0.002598 -0.0009213  -0.001707  0.0002658   0.001605   0.001918   0.001003     0.0003 -0.0003111  0.0009585    0.01327    0.00228  -0.000552    0.00223    -0.0135   -0.02863   0.001873   0.003791   0.002314   0.001129 -0.0005061   0.002315  -0.003126     0.0128
15 2   -0.00148   -0.01281  -0.003157   -0.02505   0.005046   0.002967    0.00285    0.00204  -0.007404    0.00317   0.003824   0.001252 -0.0007477 -0.0001625 -0.0001363 -0.0007819  -1.41e-05  -0.001139 -0.0001673 -0.0005745  0.0005746 -0.0005473 -0.0004787 -0.0001088  -0.003245  7.436e-06  -0.006769   0.002607   0.003254   0.001222  0.0001683  0.0006179 -0.0008233 -7.977e-05 -0.0006676   0.002505  0.0009851 -0.0001687
15 3   0.005415    0.03531    0.02077  -0.004441  -0.004981     0.0065   -0.01525  -0.007971  -0.001249   0.001047   -0.01485   0.003773  -0.003265  -0.001668   0.001521  -0.001934 -0.0004188  0.0004966   -0.00218 -0.0004119  0.0001513  -0.001912   0.001579  -0.002393    0.01515   0.007163  -0.001817  0.0007033   -0.01504  -0.007314  -0.002678  -0.001181   -0.00113  -0.002328   0.001325  -0.004565 -0.0008476   -0.01085
16 0     0.0368        nan   0.003461        nan   -0.03708        nan   -0.01468        nan   0.003082        nan    0.01254        nan  0.0001983        nan -0.0005678        nan  0.0006776        nan -0.0009319        nan  3.185e-05        nan   0.001402        nan  -0.001606        nan  -0.001268        nan   0.007754        nan  -0.001335        nan  -0.001326        nan -0.0004968        nan  -0.002129        nan
16 1      0.019    0.02861   -0.04032   0.005465  -0.008134   -0.01079  -0.004606  -0.008814    0.02218  -0.008868  -0.004194  -0.003039  2.467e-05   0.004582 -0.0002106   0.000187  0.0001872  -0.001164 -0.0002317  -0.001383  -0.000877 -0.0003333  -0.001092  0.0003636   0.003079    0.00379   0.009469  -0.003023  -0.005412  -0.002633  -0.003027   0.001095  0.0004891  -0.001108 -0.0007517  -0.001304   -0.00256   0.003969
16 2    0.08855    0.05563   -0.01066    0.01086   -0.05357    0.01932   -0.03172   -0.05936   0.003689  0.0009956   0.005657   -0.02996  0.0002771   0.001347 -0.0006432   0.001202 -0.0003638 -7.466e-05  -0.001925  -0.002121  0.0003086   0.000557  0.0002857  0.0008271   0.006172    0.02995 -0.0009562  -0.001914  -0.004335   -0.02806  -0.001744   -0.00263     0.0017   0.002477   -0.00151  -0.001484   0.001355   -0.00484
16 3   -0.02214   -0.03195   0.003933   -0.01391 -0.0008428  -0.004975  -0.005208   0.003898  -0.001814   0.000682  -0.007464   0.008953 -0.0007486   -0.00156  0.0005944  0.0006609  0.0004587   0.001076 -0.0001837  0.0003286 -0.0006839  0.0003131 -0.0001475 -0.0004853   0.006007  -0.004667  -0.002669  0.0006904   -0.00696   0.004778 -0.0006606  -0.002011  0.0006706 -0.0004585   0.000501 -0.0007324 -0.0008584   0.001809
17 0   -0.01117        nan   -0.09956        nan  -0.007827        nan   -0.00049        nan   0.006748        nan   0.003396        nan -0.0003327        nan -0.0002242        nan  0.0005299        nan  0.0005473        nan   0.001745        nan  0.0001098        nan  -0.000516        nan   -0.01857        nan    0.00113        nan  0.0005741        nan  -0.001281        nan -0.0001114        nan   0.004339        nan
17 1    0.03653    0.04889   0.007042   -0.01975   -0.03506    0.02714   -0.05075   -0.06694  -0.002986   0.001732   -0.01976   -0.02117  0.0005341  0.0005007  -0.001805 -0.0004186 -0.0003921    0.00101  -0.001427  -0.001883  0.0007257  2.115e-05  2.831e-05   0.000111    0.02223    0.01014  -0.001931   0.003445   -0.02608   -0.03393 -0.0007413  -0.001745 -0.0004393 -0.0001897  0.0005992 -0.0008837  9.871e-05  -0.002516
17 2   0.008093     0.0137  -0.001971   -0.01946    0.00402  -0.006335   0.004502  -0.003669  -0.007255   0.004204   0.005718  -0.003285  0.0002368    0.00216 -0.0008842  -0.001431  -0.001321  0.0004031   0.000432   0.002238  -0.002607   7.31e-05  0.0006609   0.003026  -0.006793   0.001887   -0.01175  0.0009354   0.004928  -0.004988  -0.001263  -0.001347   0.002501   0.001218   0.003045   -0.00227  -0.001606  8.709e-05
17 3    0.01794    0.02471    0.01798  -0.002016   0.001458    0.03701   -0.01191  -0.002289  -0.001446  0.0002778  -0.006742  -0.002059  0.0001555  9.144e-05 -7.558e-06  -4.44e-06 -0.0002454  0.0008699   0.001602  -0.001067 -2.376e-05   0.001175  0.0001506    0.00016   0.006553   0.002277  -0.002287   0.001387  -0.007748   -0.01203  0.0008491 -9.974e-05  0.0002493  0.0006386   0.000685  0.0006856   0.003099   0.003875
18 0    0.04194        nan -0.0007418        nan   -0.02128        nan   -0.02193        nan   0.002618        nan   0.002799        nan   -0.00127        nan  -0.002718        nan    0.00313        nan  -0.001633        nan   0.001005        nan  0.0006853        nan  0.0005676        nan -0.0001511        nan  0.0007942        nan   0.001586        nan  -0.001348        nan -0.0004223        nan   0.001624        nan
18 1  -0.003206  0.0009012   -0.01313   0.001574   -0.01967   -0.01009  -0.004347  -0.005067    0.02027   -0.00788  -0.002785   -0.00183 -0.0006003  -0.001514 -0.0003394  0.0006708 -0.0002291 -0.0009738   0.000416  0.0003836  8.344e-05 -1.962e-05   0.002058  -0.000436   0.002545   0.001302   0.009844  -0.003838 -7.764e-05 -0.0009273   0.001328   0.000897 -0.0004641  0.0003489   0.002265  5.799e-05   0.001795  -0.003298
18 2    0.01589   -0.06133   -0.01702    0.00173  -0.001797    0.08224   -0.03687   -0.03537   0.005886   0.001973  -0.008446   -0.02564  0.0003543  0.0007752 -0.0009369   0.000552 -0.0005553   0.001038   0.000898   -0.00124  0.0003188  9.296e-05  -0.001499   0.001036   0.009522    0.01999 -0.0006657 -0.0003864   -0.01046   -0.01467   0.001283  -0.001546   0.001817   0.001705  -0.001198  -0.001057   -0.00153  -0.001757
18 3   -0.01078   -0.02131  -0.004785  -0.008987  -0.003964    -0.0026  -0.003171  -0.003199  -0.004315  0.0007061  -0.003764 -0.0009695 -0.0001104   0.002479 -0.0004384  0.0007493 -0.0001113  0.0002606  0.0005507  -0.001592  0.0002925 -0.0005214  0.0007058  0.0002208   0.003037   0.002086   0.001057  0.0005869  -0.003559  -0.003983  0.0005897   0.002912  -0.001149  0.0001583  0.0001761   0.002117   0.002511  -0.001961
19 0  -0.001804        nan   -0.09147        nan   0.001496        nan  -0.003342        nan    0.02607        nan  -0.002776        nan  8.578e-05        nan  0.0001233        nan  0.0002757        nan   0.001714        nan   0.000142        nan -0.0004853        nan    0.00272        nan  -0.008885        nan  -0.003063        nan  -0.001244        nan -3.595e-05        nan   0.000169        nan  -0.002273        nan
19 1   -0.02203   -0.07584   0.002379    -0.0221   0.008443     0.0949   -0.04806    -0.0482  -0.002759  0.0004594   -0.03014   -0.03017  -0.004009  -0.002717 -0.0006636  0.0002493    0.00172   0.001137  -0.000887  0.0002708   0.000171 -0.0003409 -0.0009987  -0.001405    0.02176   0.008151 -0.0002113   0.003229   -0.02751   -0.02519  0.0001123  -0.001817 -0.0009926 -0.0008422 -0.0009228  -0.001757    0.00312  -0.006027
19 2   0.009788    0.01523 -0.0004211   -0.01085   0.001722  -0.009031   0.003526  -0.004418  -0.008338   0.002429   0.004698  -0.004091  0.0003005   0.001584 -0.0006833  -0.000735  -0.001176   0.000818  0.0007845 -0.0008903  0.0001716   0.000395   0.001093  0.0001095  -0.006898   0.002823   -0.01043 -0.0002139   0.005974  -0.004453  -0.001391  -0.002079  0.0001688  -0.000115  0.0009516 -0.0006098   0.001641  0.0007183
19 3  -0.001281   -0.01672    0.01158 -5.833e-05    0.01177    0.05671  -0.004165   0.007476  -0.001619 -0.0001029  0.0009787  -0.003544   0.002695   0.002081  -0.001438   0.001442 -0.0001616  0.0005458   0.001454 -0.0001114 -0.0001341   0.001679 -0.0004571  0.0009567  -0.001392  -0.002252  -0.001832   0.002041  0.0003301   -0.01105  0.0004905   0.004495   0.001086   0.002291 -0.0005097   0.002873   -0.00146    0.00712
20 0    0.03349        nan  -0.003027        nan  -0.004312        nan   -0.02094        nan   0.000643        nan  -0.009116        nan  5.388e-05        nan -5.536e-05        nan -6.008e-05        nan    0.00133        nan -0.0006259        nan -0.0008973        nan   0.005895        nan   0.001665        nan  -0.008427        nan   -0.00177        nan  0.0008875        nan  0.0009003        nan -0.0006548        nan
20 1  -0.006987   -0.01289    0.01216  -0.001039   -0.02025  -0.004051  -0.003052   0.001417    0.01717  -0.006361  -0.001932   0.001851 -0.0005159  -0.001954   0.000778  0.0003552  -0.001456 -0.0002128   0.001265 -0.0007543   0.000578  0.0002158   0.002505  0.0002688   0.001544  -0.002321    0.01028  -0.004387   0.002551   0.002273  0.0007244 -0.0002333 -0.0002909  0.0002605  8.477e-05 -0.0006908   0.006367 -0.0005289
20 2   -0.05783    -0.1319    -0.0138  -0.008563     0.0503     0.1063   -0.02539 -8.896e-05   0.006856  0.0003005   -0.01959    -0.0203 -0.0004943  0.0004571   0.001782 -0.0005557   0.001661   0.000847   -0.00132   0.002155   0.000682 -0.0008534 -0.0008001  -0.001168   0.006825   0.009318 -9.417e-05   0.003093   -0.01147   0.001859   0.001036   0.002106  -0.001809  -0.002874 -0.0001205   0.001349 -0.0002817   0.004563
20 3  -0.001636   -0.01032    -0.0114  -0.005599  -0.003897  -0.002213  -0.001447  -0.009182  -0.004474  0.0007166  -0.001214  -0.009011 -0.0004759   0.001074   -0.00074  0.0007437 -0.0005628  -0.001213  0.0004852 -0.0007126  0.0001123 -0.0002641 -0.0001383 -0.0009329   0.001956    0.00792   0.002368  0.0002491  -0.001271   -0.01016   0.000931   0.001543 -7.344e-05  9.691e-05  -0.000651  -0.001277  -0.001842  0.0004706
21 0   0.005826        nan   -0.06264        nan   0.006163        nan -5.651e-05        nan    0.03443        nan  -0.003079        nan  0.0003634        nan   0.000738        nan -0.0002495        nan  -0.001785        nan  -0.001374        nan  0.0006055        nan   0.000755        nan  -0.004012        nan  -0.002122        nan  0.0007438        nan  0.0008941        nan  0.0001497        nan -0.0009216        nan
21 1   -0.06078    -0.1639  -0.001405   -0.01327    0.03906     0.1042   -0.02772   -0.01702   -0.00125   0.001068   -0.02859   -0.02604 -0.0001477  0.0004227 -0.0006111  0.0002855   0.000658  0.0007288  8.718e-05  0.0004342 -0.0002468  -2.03e-05  0.0004023  0.0006622     0.0159   0.002382 -5.823e-05   0.002833   -0.02033   -0.01546  0.0003372   0.001201   0.001485  0.0001394 -0.0007349  0.0004973  -0.002732  -0.007943
21 2   0.008016   0.002717   0.001661  -0.003233  0.0006146  -0.004569   0.001904  -0.001431  -0.008471  0.0007922    0.00274   -0.00186  0.0004859  -0.001344  0.0003686  7.003e-05  0.0001952 -0.0003284   0.000599  -0.001157   0.001821  9.563e-05  0.0001678  -0.003323  -0.005744   0.001604  -0.005492 -0.0002698   0.006067  0.0001233  0.0005603   0.001788   -0.00277   -0.00102  -0.001681   0.003363  0.0001522  2.735e-05
21 3   -0.03344   -0.04544   0.006449  -0.000443    0.02116    0.05547     0.0051    0.01144 -0.0001428  -0.001415   0.001504   0.002186 -0.0001859  0.0004011  0.0001894  -0.001183 -0.0001498  0.0001217  0.0002544  0.0001574 -0.0001367 -0.0005803  0.0009742 -0.0008772  -0.002897  -0.003719 -0.0001375   0.002072    0.00293  -0.001465 -0.0005765  -0.001903 -0.0006085  -0.001267 -0.0001612  -0.002446   0.000256  -0.003008
22 0    0.01889        nan  -0.000608        nan   0.007481        nan   -0.01982        nan  0.0001713        nan   -0.01922        nan  0.0004417        nan   0.001079        nan   -0.00192        nan   0.002197        nan -0.0003588        nan -0.0004006        nan    0.01259        nan   0.001384        nan   -0.01626        nan  0.0008377        nan  0.0004592        nan -0.0004467        nan   0.001856        nan
22 1  -0.001201    -0.0135    0.03575  -0.004273   -0.01129   -0.00278 -1.693e-05   0.006238   0.008184  -0.004883   0.001209   0.007293  0.0007783   0.003235  0.0008493  0.0001436 -0.0006233 -0.0006549   0.001285  0.0005776 -0.0001679 -0.0001738  -0.002228 -0.0003428  -0.001358  -0.006438    0.01029  -0.001826  0.0005743   0.006726  -0.002168  -0.001207  0.0004082 -0.0002838 -0.0003668 -0.0002924  -0.009773  -0.001026
22 2   -0.09528    -0.1413  -0.006149   -0.01048    0.07787    0.08246  -0.006739    0.02073    0.00407 -0.0003383   -0.02096  -0.008062 -0.0003258 -0.0005079   0.002799 -0.0002486   0.001682  0.0006189 -0.0005872  0.0004399   -0.00024  2.808e-05   3.62e-05  -0.001038   0.002286  0.0003976   0.001029   0.003546  -0.006592    0.01478   0.001229    0.00177 -0.0007502 -0.0004088  0.0002321  0.0004716     0.0038  -0.000962
22 3   0.001505  -0.003657   -0.01518  -0.001935   -0.00151  -0.001209   0.000841  -0.007874  0.0008461    0.00128  0.0005629  -0.009392 -0.0007083  -0.003153  0.0002087  0.0003652  0.0004835 -0.0002231 -0.0005926   0.001606 -6.776e-05  0.0002677 -0.0002083 -0.0006338  0.0006106   0.008334  -0.001509  -0.001025  0.0007056  -0.008521  3.396e-05  -0.001698  0.0006234 -0.0001672 -4.895e-05  -0.002381  3.446e-05   0.002778
23 0   0.005937        nan   -0.03016        nan   0.006559        nan   0.002761        nan    0.02971        nan  0.0007816        nan   0.001003        nan  0.0004833        nan -0.0009631        nan   0.001742        nan  0.0001822        nan -0.0001042        nan  -0.001595        nan   0.002761        nan   0.001104        nan -7.504e-05        nan  -0.000429        nan   0.000528        nan   0.001996        nan
23 1   -0.06174    -0.1957  -0.001849  -0.001321    0.03873    0.07643  -0.006097   0.009328   0.001166   0.001646     -0.018   -0.01473   0.002856   0.001335 -0.0001318 -0.0004755 -0.0009657  0.0003301  0.0006629  0.0002397  0.0008912  0.0006875 -0.0007829  0.0008401   0.007411 -0.0005527  -0.001731   0.001234  -0.009674   -0.00663   0.001384   0.001337   0.001477  0.0007815  0.0002872   0.002273  0.0005512    0.01903
23 2   0.003906  -0.003272   0.005079   0.002136   0.001289 -3.504e-05   0.001269   0.002278  -0.005664   0.001439   0.001769   0.001382  0.0001062  -0.001571  0.0005929  1.468e-05  0.0001153 -0.0004721 -0.0008734    3.4e-05 -0.0004355 -0.0001894 -0.0008719  0.0006954  -0.004701  -0.002044   -0.00478 -0.0002935   0.003623   0.002209  0.0007489  5.435e-05   0.001043  0.0002077 -2.675e-05  0.0005859  -0.003052   -0.00269
23 3   -0.04971   -0.04553   0.004244  -0.001526    0.02411     0.0341    0.01203    0.01207  4.433e-05  -0.001867   0.001173   0.006308  -0.002211  -0.001356   0.001241  -0.002192   0.000125  0.0001408  -0.002909 -0.0008334  0.0002726  -0.001094  0.0008797  -0.001148  -0.002951  -0.005892  0.0008296   0.001789   0.003106   0.004101  -0.001303  -0.002866 -0.0005371  -0.001604   0.001406  -0.001694 -0.0006833  -0.008583
24 0  -0.003564        nan   0.002889        nan    0.01478        nan     -0.016        nan  0.0005729        nan   -0.02199        nan  0.0003757        nan  -0.001483        nan   0.001081        nan  -0.003707        nan  0.0007251        nan  0.0005985        nan    0.01468        nan -0.0004095        nan   -0.01702        nan  0.0008525        nan  -0.001964        nan -0.0008192        nan  -0.001649        nan
24 1   -0.00212  -0.009133    0.05837  -0.007465 -0.0005794  -0.005318   0.002804   0.009253  -0.001518  -0.001969   0.004063    0.01049   0.001212   0.001701  -0.000253   0.000841  0.0003576   -0.00122  -0.001029 -0.0008494 -0.0008054 -0.0002817  6.544e-05  0.0006354  -0.002853  -0.008133   0.008765 -0.0001039   0.001275   0.008937  0.0002516   0.003011  0.0005214  -0.000649  -0.000181  -0.001064   0.003966   0.007286
24 2   -0.09193    -0.1091  -0.001123  -0.004315    0.07116    0.02765    0.01044    0.02334  0.0004735  0.0009101   -0.01279   0.007789   2.45e-05  -0.000594  0.0003137 -8.194e-05 -0.0004968    0.00105  0.0008721   -0.00249 -0.0003551  0.0005893   0.000116   0.001094  -0.001121  -0.003646   0.001304   0.001124   0.001247    0.01929  -0.001226  -0.003521   0.001762   0.002638  -0.001648  -0.001056   -0.00438  -0.003121
24 3   0.001195  -0.000975   -0.01718   0.002966 -0.0002063  0.0006189   0.001861  -0.002193   0.003336  0.0004605   0.001583  -0.005074  0.0002445  -0.001005   0.000272  0.0001536    0.00118   0.001309 -0.0009736  -0.001873 -0.0004647 -0.0001334 -0.0005388 -0.0005582 -0.0003032   0.004174  -0.002615  -0.001658   0.001541  -0.003112  -0.001109 -0.0007998 -1.769e-05 -0.0002909  -0.000822   0.001169  0.0009328  -0.005104
25 0 -0.0002254        nan    -0.0045        nan   0.005335        nan   0.002749        nan    0.01812        nan   0.002947        nan  0.0004188        nan -3.791e-05        nan -0.0007557        nan  0.0008497        nan   0.001487        nan  0.0006764        nan   -0.00171        nan   0.008329        nan    0.00252        nan -0.0004022        nan -0.0007654        nan   2.43e-05        nan  -0.001432        nan
25 1   -0.03169     -0.166  -0.001387   0.006181    0.01813     0.0321    0.00888    0.02243   0.001888 -0.0002504   -0.00356  -0.002331  8.382e-05   -0.00109   0.000952  0.0002099  0.0003315  0.0002439  -0.001251 -0.0008372  0.0001247 -0.0007989 -0.0001146 -0.0008713  -0.003279  -0.002909  -0.001421  -0.001136   0.001221   0.005658  -0.001372  -0.001565  -0.001075 -0.0006824  7.576e-05  -0.002135  0.0004518  -0.004716
25 2  -0.000637   0.001837   0.009259   0.006131   0.003708  0.0008063   0.001618   0.004374  -0.003562   0.001871   0.001513   0.003222  0.0003838   0.001422 -0.0003979 -2.574e-05 -0.0009866  0.0007892 -0.0003599   0.001646  -0.002277 -0.0002157   0.001134   0.002729  -0.003528  -0.003898  -0.005579 -0.0008101   0.001368   0.001678  -0.001966  -0.001094   0.001921  0.0007203   0.002058   -0.00252   0.004468   0.003522
25 3   -0.04184   -0.03195   0.004293  -0.001596    0.01553   0.003346    0.01521    0.01284  -0.002506 -0.0003944    0.00647   0.004459  0.0005684 -0.0001848 -0.0006507  0.0002957  0.0006299  0.0003381   0.002738  0.0004542 -0.0003313   0.001309 -0.0008903   0.001022  -0.007261  -0.007999  0.0005323   0.001475   0.006551  0.0005597   0.000836   0.002669   0.000348   0.001849  -0.000836   0.001426   0.001569   0.006091
26 0   -0.02123        nan   0.004918        nan     0.0171        nan  -0.005723        nan  -0.001084        nan   -0.01809        nan -0.0002806        nan  -0.001822        nan    0.00165        nan  0.0002107        nan  0.0005231        nan -0.0007664        nan    0.01152        nan -0.0008049        nan   -0.01244        nan  0.0001134        nan -8.497e-05        nan  -0.000534        nan -4.218e-05        nan
26 1  -0.009507  -0.004318     0.0718   -0.00891   0.005938   -0.00442   0.003282   0.009044  -0.007724   0.002485   0.002542   0.008817  0.0002341  -0.002926  9.974e-05  0.0004155 -0.0007539 -0.0003384 -0.0002506  0.0006559  0.0004549  -9.53e-05   0.001166 -0.0006073  -0.002066  -0.006534   0.005727  -0.001384   0.003979   0.006638   0.002376 -0.0003472   -0.00102  4.933e-05  0.0001644  0.0006889   0.003295  -0.007802
26 2   -0.05734   -0.04629   0.001985   0.001534    0.03672   -0.02449    0.02172    0.02092  0.0001761  0.0007223  -0.001009    0.01408  2.202e-05 -0.0002007 -0.0001543  -0.001092 -0.0003458  0.0008198 -0.0008864  0.0006764 -0.0003273  0.0005209 -0.0009754  0.0005239  -0.005784  -0.003001  0.0002534  0.0004018   0.008153    0.01681 -5.852e-05 -0.0002519  0.0003332  0.0005092  5.231e-06 -0.0004748   0.002188  0.0006773
26 3   0.001302  0.0004484   -0.01789    0.00739 -0.0008109  0.0003883  0.0006801   0.001825  0.0006824  -0.002048  0.0007653 -0.0008336  0.0004529   0.003451 -0.0004747  0.0004704  0.0001567   1.64e-05  0.0008607  0.0009014  0.0003646  -0.000119 -0.0007076   0.001286  0.0004382 -0.0004487   0.001574 -0.0009801  0.0002073  0.0006988   0.002842   0.002941 -0.0005534    4.5e-05 -2.135e-05   0.001548  2.931e-05    0.00462
27 0   -0.00443        nan    0.01668        nan   0.002591        nan   0.002891        nan   0.008165        nan   0.002568        nan -0.0005668        nan -3.755e-05        nan  9.539e-05        nan -0.0005559        nan -0.0007323        nan   0.001197        nan  -0.001733        nan   0.007114        nan    0.00177        nan  -0.000305        nan   0.000626        nan  0.0003387        nan   0.001285        nan
27 1   0.004333   -0.09836  -0.003019   0.007814  -0.001663   -0.01215    0.01763    0.02678   0.001408  -0.001501   0.008436   0.009116  -0.002902  -0.001627  0.0009267  0.0006176    0.00108 -6.484e-05  0.0004409  0.0001644 -0.0006177  0.0002793 -0.0002155  -0.001514   -0.01177  -0.007779  0.0007494  -0.001429    0.01007    0.01565  0.0008506  0.0004106 -0.0002236 -0.0008732  -0.001334  -0.001265  0.0009134   -0.01917
27 2  -0.002629   0.006292    0.01148   0.008865    0.00628  0.0005669   0.002263   0.004045  -0.004133   0.000915   0.001198   0.002653  0.0002672  0.0001714  -0.000465  0.0004209 -0.0006727  0.0007579      0.002 -0.0001039   0.001036  0.0006738  0.0004149 -0.0008668  -0.002412   -0.00157  -0.001895 -0.0008169   0.001846   0.001886  0.0002799  -0.002579  -0.001192 -0.0002356  0.0003939   0.001678  -0.002207  -0.001408
27 3   -0.01928   -0.01486   0.005199 -0.0007473  -0.004907   -0.02336    0.01686   0.007125  -0.004026  0.0005735    0.01338   0.002385   0.001959   0.001275  -0.001466   0.001183  0.0007997 -3.825e-05   0.001102 -0.0002511 -0.0002155   0.001391  0.0001475  0.0003201   -0.01146  -0.004038  0.0003898  0.0008081    0.01196  -0.003021  0.0005144   0.001995   0.001132   0.001008  2.729e-05   0.002131 -6.854e-05   0.005249
28 0   -0.02153        nan   0.007755        nan    0.01145        nan   0.003855        nan  -0.003418        nan   -0.01075        nan  0.0005857        nan  0.0008963        nan  -0.001531        nan   0.001155        nan -0.0009746        nan -0.0008848        nan    0.00729        nan -0.0003642        nan  -0.006686        nan  0.0005475        nan   0.001107        nan  -0.000246        nan  0.0004745        nan
28 1   -0.01087  -0.001311    0.06596  -0.009788   0.008518  0.0003614   0.001611   0.004532   -0.01309   0.005075 -0.0001965   0.004283  0.0007682  -0.001209   0.001052 -0.0004372  -0.001641  0.0005678 -0.0005893 -7.375e-05   0.000388  0.0002641 -0.0001472  0.0002348 -0.0007265  -0.002992    0.00256   -0.00118   0.002111   0.002392 -0.0002698  -0.002286  0.0005341  0.0009177 -0.0007499 -0.0009354   -0.00277  0.0005169
28 2  -0.006168    0.03147   0.005741   0.002881  -0.006504   -0.05217    0.02324    0.01415  0.0008603 -0.0009105   0.009523   0.009768 -0.0002615   0.000318   0.001871  -0.001114   0.001025 -9.056e-05  0.0004198    0.00149  2.922e-05 -0.0005882 -4.559e-05  -0.001327   -0.01054  -0.001089 -0.0004896    0.00123     0.0127     0.0114   0.002011   0.003045  -0.002141  -0.002624  0.0007597   0.001582   0.001094   0.004297
28 3   0.002261   0.001363   -0.01548    0.01012  -0.001922  -0.003207   -0.00106   0.002964  0.0007847  -0.003522  -0.001367   0.002761 -0.0002694 -0.0002769 -0.0008687  0.0003318  -0.000667  -0.001703  -0.001265   0.001036  0.0008161 -0.0001545 -0.0005385 -9.431e-05   0.002416  -0.002664   0.003149 -0.0009179  -0.001798   0.002816  0.0001392 -0.0009483  8.807e-05  0.0003587  -0.001468  -0.001721  -0.001494  -0.002518
29 0  -0.003202        nan    0.03319        nan  -0.001114        nan   0.003442        nan  0.0005738        nan    0.00309        nan  -0.000731        nan -4.392e-05        nan  0.0001739        nan -9.036e-05        nan -0.0009997        nan -0.0002562        nan  -0.002543        nan   0.004123        nan   0.001346        nan -0.0002232        nan  0.0005859        nan  0.0006618        nan  -0.001345        nan
29 1    0.02306   -0.03154  -0.004805    0.00583   -0.01239   -0.04031    0.02088    0.02685    0.00158 -6.042e-05     0.0154    0.01788     0.0019  0.0002898  0.0002726 -0.0003821 -0.0008552 -0.0003893 -0.0007951 -0.0008836  -0.000143  0.0002966 -0.0007647  0.0007091   -0.01352   -0.01126  0.0009856  0.0002401    0.01362    0.01684  0.0006424  0.0007798    0.00175   0.001056  0.0001611  0.0007816  0.0004644    0.01928
29 2  -0.001958   0.002655   0.008842   0.008789   0.006133  0.0008602    0.00226   0.002033  -0.003691  0.0008397   0.001266  0.0004686  6.126e-06  -0.002133  0.0005076  0.0001872  0.0006119 -0.0005229   -0.00119  -0.001177   0.001762 -0.0004398 -4.151e-05   -0.00198  -0.001867    0.00131    0.00222  0.0001039   0.002193   0.001226  0.0004882   0.002636  -0.001684  -0.001067  -0.001661   0.003394  -0.001447 -0.0004398
29 3   0.008222   0.009999   0.004514  0.0001581     -0.027   -0.03668    0.01507  -0.004549  -0.002196 -8.967e-05     0.0153   0.002364  -0.001314  -0.000896   0.000219 -0.0007496  0.0004124 -0.0003536  -0.001943  0.0002895  0.0003117  -0.001674  0.0008282  -0.000844   -0.01025    0.00331  0.0005898 -0.0003586    0.01243  -0.002637  -0.002019  -0.003144  -0.001093  -0.001812  0.0008077  -0.002486   -0.00158   -0.00533
30 0   -0.01153        nan    0.01159        nan -0.0007528        nan   0.005163        nan  -0.003046        nan  -0.001845        nan  3.003e-05        nan  0.0005868        nan  -0.001287        nan -0.0003506        nan  0.0004707        nan  -0.000145        nan   0.003462        nan  -0.001551        nan -0.0007197        nan -0.0003855        nan -0.0004866        nan  0.0002236        nan  0.0004671        nan
30 1  -0.004464 -0.0006894    0.04311    -0.0113   0.008903   0.002336  -0.000788 -0.0004163   -0.01703   0.004527  -0.001203  0.0006956  0.0008609   0.002873  0.0004032 -0.0001339  0.0003409 -0.0003182 -0.0002154 -0.0002247 -0.0004265  0.0001816  -0.002922 -0.0001057  0.0005534 -2.927e-05  0.0002086   0.002117   -0.00345 -0.0002787  -0.001054   0.002115  0.0002758 -0.0006553  -0.001423  0.0001025  -0.001939   0.005516
30 2    0.03873    0.09021   0.008234   0.003485   -0.03757   -0.05684    0.01531   -0.00257 -0.0009091 -0.0008073    0.01661   0.005955  9.724e-06 -0.0002263   0.001111  1.304e-05   0.000166 -0.0005339 -0.0002905   -0.00082 -0.0004637  0.0003361   0.001109 -0.0009214   -0.01091  -0.000591 -0.0002125  0.0002237    0.01403   0.004966 -0.0008007 -0.0004471 -0.0001543   0.001053 -0.0004965 -0.0003946   -0.00123  -0.002655
30 3   0.001307   0.001929   -0.00958    0.01037  -0.003681  -0.007302  -0.001118   0.003848   0.004415  -0.002455  -0.002161   0.005384 -2.005e-05   -0.00257 -0.0001378 -0.0001715  0.0001982 -0.0002216 -0.0008072 -3.647e-05 -0.0006345  0.0002445 -0.0004979 -0.0003454   0.003098  -0.003295 -0.0001182  -0.001607  -0.002174    0.00427 -0.0001348   -0.00233  0.0006523 -0.0004489 -0.0007266 -8.177e-05   0.001165  0.0005896
31 0  -0.001011        nan    0.03946        nan  -0.002967        nan   0.002055        nan  -0.006769        nan     0.0042        nan -0.0006083        nan -0.0005766        nan  0.0001198        nan   0.001349        nan  0.0006922        nan  0.0002798        nan  -0.002163        nan   0.005315        nan      0.002        nan  0.0007833        nan   -0.00046        nan -0.0005346        nan  0.0004464        nan
31 1    0.02283    0.01447  -0.002987   0.002438   -0.01706   -0.04713    0.01829    0.02085   0.001595  0.0009141    0.01868    0.02122   0.002592   0.001944  0.0004586  -0.000434  -0.001505 -0.0002532  0.0009059  0.0004814  0.0005245 -0.0003383  0.0009678 -0.0003377   -0.01132  -0.008523   -0.00015  0.0003917    0.01265     0.0146 -0.0001861   0.001376  3.039e-06  0.0003142  0.0006237  0.0008067  -0.005165    0.00457
31 2 -0.0005257  -0.003048   0.001169   0.005307   0.002564  0.0003996    0.00125  -0.001622 -0.0006445   0.001723   0.001463  -0.002422 -0.0006224  -0.001092  0.0004173 -0.0002838  0.0004572 -0.0001007 -0.0006033   0.001378  -0.001618 -0.0002802 -8.023e-05   0.001751  -0.001178   0.002859  0.0006237   0.000829  0.0003179    -0.0029 -0.0009009  0.0002209   0.001808  0.0009464   0.000833  -0.001766   0.002797  -0.001153
31 3    0.03295    0.03517   0.000493  0.0007892   -0.03515   -0.03372   0.006881   -0.01105 -0.0002369 -0.0001047    0.01282  -0.001709  -0.001508  -0.001098   0.000644 -0.0005892  0.0001875  2.969e-05   0.000215  8.183e-05  0.0001212 -0.0006836  0.0001704 -9.499e-05  -0.006245   0.004224  0.0001315 -0.0009995    0.00701  -0.006266   0.000781  -0.001432 -0.0003204 -0.0005728  0.0002871 -0.0008936   0.002131  -0.007011
32 0  -0.003041        nan    0.01077        nan   -0.01107        nan   0.002487        nan  -0.001284        nan   0.005193        nan -0.0008342        nan  -0.001509        nan   0.001816        nan  -0.002007        nan  0.0006556        nan  0.0009454        nan   -0.00117        nan  -0.002852        nan   0.004725        nan  0.0009312        nan   -0.00103        nan -0.0008565        nan  -0.001221        nan
32 1   -0.00195  0.0006649    0.01552   -0.01035   0.006066 -0.0009329  -0.003354 -0.0007375   -0.01418   0.003606  -0.002405 -9.574e-05 -0.0002123  -0.001058 -0.0009489  0.0007184   0.001858 -0.0007829  -0.001993  8.452e-05 -0.0006219 -0.0005987  0.0005841  0.0002932   0.002573   0.001237  -0.001675   0.003358  -0.004572 -0.0006091   0.001865  0.0007029 -0.0003382 -0.0007313  0.0002466 -0.0003205   0.001948   -0.00272
32 2    0.05682     0.1104   0.007964    0.00586   -0.04563   -0.04571   0.004864   -0.01695  -0.002568   0.000591    0.01715   0.003964  0.0004871  8.074e-05  -0.001833  0.0005244  -0.001345  0.0002813  0.0003234  -0.001628 -0.0001559  0.0007784 -0.0008024   0.001829  -0.006545   0.000776 -0.0006623  -0.001532     0.0105  -0.002222  -0.001321  -0.002576   0.001787   0.002311 -0.0007448  -0.001662  -0.001777  -0.001436
32 3  -0.002205   0.003286  -0.004151    0.00682  -0.006805  -0.008287 -0.0005395    0.00336   0.003805  -0.001266 -0.0008203   0.005039   0.000496   0.001969  0.0001056  -0.000369  0.0007988   0.001216 -0.0002914  0.0002136 -5.451e-05  8.748e-05 -0.0006069   0.001702   0.002014  -0.002863 -0.0006804  -0.001165  -0.001201   0.003525  0.0003368  0.0007677 -0.0001251  5.536e-05  0.0005461   0.001681  0.0002039 -0.0001468
33 0 -0.0004185        nan    0.03739        nan  -0.001728        nan  0.0005278        nan   -0.01086        nan   0.003041        nan -0.0007441        nan -0.0004951        nan  0.0004304        nan -0.0003789        nan    0.00106        nan  0.0001497        nan  -0.001256        nan    0.00599        nan   0.001899        nan -0.0004511        nan -0.0002529        nan -7.242e-05        nan   0.001289        nan
33 1     0.0177    0.04226  0.0007719 -0.0005332   -0.01596   -0.04099    0.01264   0.008623  0.0001164 -0.0004885    0.01856    0.01652  -0.001456 -0.0006454   0.001395  0.0004563  0.0002452 -1.735e-05  8.875e-05 -0.0002884 -0.0001233  1.679e-05  3.122e-05 -0.0002752  -0.009596  -0.004129   0.000482 -0.0006875    0.01045    0.01305  -0.001109  -0.001215 -0.0009287  -0.001496 -8.079e-05  -0.001709   0.006855   -0.01754
33 2  0.0008594  -0.004136  -0.008796   0.001028  -0.001422  -0.000307  1.999e-06  -0.004804   0.001411   0.001028   0.000995  -0.005148  0.0004055   0.001598 -0.0007715  1.662e-05 -0.0005066   0.001434  0.0009884   0.001002  -0.001051  0.0005286  0.0001692   0.001418  6.073e-05   0.004596   -0.00169  0.0008225 -0.0008705  -0.006289 -0.0002559  -0.003101  0.0009245  0.0006298   0.002279  -0.001814 -0.0007275   0.002778
33 3     0.0435    0.03784  -0.004627   0.001316    -0.0236    -0.0187  -0.003597  -0.009349 -0.0001367  0.0009412   0.007849  -0.008623   0.001761  0.0007697  -0.001317   0.001546 -1.082e-05  0.0002014   0.001818  0.0005172 -0.0003387   0.001603 -0.0003165   0.001415  -0.002582   0.002423 -0.0002071 -0.0003932   0.000851   -0.01276 -0.0005108   0.004043    0.00115   0.001968 -0.0001461   0.002758  -0.001661    0.01174
34 0   0.005158        nan   0.002882        nan   -0.01285        nan   0.002567        nan  -0.001053        nan    0.00708        nan  -0.000297        nan -0.0004106        nan   0.001134        nan    0.00109        nan -0.0002407        nan  -0.001032        nan  -0.004821        nan  -0.001243        nan   0.006418        nan  0.0001457        nan  0.0008684        nan  4.344e-05        nan -0.0003487        nan
34 1   -0.00658   0.005614  -0.008526  -0.003999  0.0001435  -0.004466  -0.004758   0.001805  -0.006334   0.003683  -0.004519   0.001029  -0.001541  -0.003779 -0.0004271  0.0002768  0.0002807  0.0001008  0.0001253  0.0006804  0.0006523  0.0003758   0.000723 -0.0002152   0.003182 -0.0003962  -0.003128  0.0009382  -0.001627  0.0007937  0.0009026  -0.001185 -0.0001608   0.001022 -7.501e-06  0.0008906    0.00339  -0.003672
34 2    0.04766     0.1033   0.007364   0.006355   -0.03395   -0.02051  -0.002162   -0.01695   -0.00136  0.0002519    0.01054  -0.002502  9.925e-05  0.0009208  -0.001387 -0.0001861 -6.022e-05  0.0001989  0.0001889  0.0002703  0.0003809 -0.0007254 -0.0001668 -0.0006971  -0.001788    0.00242  -0.001967 -0.0009344   0.003102  -0.007586   0.001384   0.001564 -0.0009734   -0.00145   0.001035  0.0005259    0.00397   0.001516
34 3  -0.004521   0.005319  -0.002525  0.0008158  -0.009091  -0.005966 -0.0006752  4.388e-05 -0.0005651  -0.001302  0.0004893   0.002031  0.0005947   0.002921 -0.0003917 -2.157e-05 -0.0005509 -0.0005476  0.0004276  0.0003815  0.0007136 -0.0002863 -0.0002789  0.0006111   0.001137  -0.001142   0.002668   0.000412 -0.0004228  0.0003198   0.001276   0.001471 -0.0004913  0.0004353  -0.000899  0.0006059 -0.0009342  0.0006106
35 0  0.0009614        nan     0.0349        nan  0.0003954        nan   0.001124        nan  -0.009793        nan  0.0005904        nan -0.0002068        nan  0.0001803        nan  0.0004524        nan  -0.001175        nan  -0.001376        nan -8.996e-05        nan  -0.001547        nan   0.002044        nan  0.0008788        nan  -9.05e-05        nan  0.0007399        nan -8.934e-05        nan  -0.001695        nan
35 1    0.01506    0.05446   0.001251  -0.001505  -0.007249   -0.02942     0.0068  -0.002531  -0.000876  -0.000592    0.01321   0.006914  -0.002643  -0.001071   0.001359  0.0003514  0.0006719 -4.494e-05 -0.0003731   -0.00104   -0.00109  0.0001062  0.0001033  -0.001394  -0.008102 -0.0006807   0.002116 -9.941e-05   0.008403   0.006936  0.0003768 -0.0006621 -4.438e-05  0.0009643  0.0002608  -0.001355  -0.002426   0.004494
35 2   0.002252   -0.00256   -0.01779 -0.0008214  -0.002734  6.888e-05 -0.0006758  -0.005202   0.001865 -0.0008034 -0.0001744  -0.005955 -0.0002897  0.0002724 -0.0007394  0.0004546  0.0003248  0.0008687   0.001125  -0.001295   0.001847 -0.0001612  0.0006288  -0.001695  0.0007359   0.005771  0.0009429  0.0008416  0.0005153  -0.004473 -0.0001674  0.0005389  -0.002128  -0.001123  -0.001466   0.002784  -0.001875 -0.0007506
35 3    0.03291    0.01365  -0.006795   0.001681    -0.0019  -0.001663  -0.008689    -0.0082  0.0002756  0.0006695  0.0002821   -0.01011   0.001542  0.0006747   -0.00108  0.0009225 -7.617e-05 -0.0003135  0.0002576 -0.0008827  0.0003605 -7.147e-05  0.0003448 -0.0008331   0.001217   0.005904  0.0006761  0.0002565  -0.003581   -0.01205  0.0005657 -0.0008125  0.0002052 -0.0001186  7.737e-05  0.0001351  0.0008297  -0.001229
36 0     0.0148        nan  -0.004811        nan  -0.008975        nan   0.002352        nan -0.0007541        nan   0.005555        nan  0.0004858        nan   0.001655        nan  -0.001521        nan    0.00119        nan -0.0007541        nan -0.0003736        nan  -0.004782        nan  0.0007613        nan   0.004108        nan  -0.001633        nan   0.001225        nan  0.0008139        nan   0.001916        nan
36 1  -0.006758    0.01056   -0.02689   0.004458  -0.004175  -0.004291  -0.003856   0.001625 -0.0008662   0.001821  -0.004064   0.002599 -0.0004778  0.0008851  0.0005967  -0.000822 -0.0006091    0.00079  0.0006757 -0.0009424   0.000586  0.0002067   -0.00163 -0.0001034   0.001313  -0.002828  -0.003285  1.864e-05  -0.001229   0.002857  -0.001566  -0.001223  0.0004008  0.0002977 -0.0009207 -0.0009428  -0.005768   0.004201
36 2    0.02685    0.07745   0.007241   0.002469   -0.01368    0.01115  -0.006443   -0.01246 -0.0004393 -0.0007532    0.00193  -0.009144 -0.0003901  0.0005852    0.00104  0.0001943   0.001441 -0.0004311 -0.0007682   0.002592 -0.0002782 -0.0004451  0.0004866  -0.001284    0.00151  0.0009066  -0.002002  0.0002925  -0.003142  -0.008105  0.0001291   0.002588  -0.001793  -0.001843 -3.172e-05   0.001267  -0.003542    0.00294
36 3  -0.002453   0.005511  -0.002783  -0.002893   -0.00794  -0.002541 -0.0008289  -0.002951 -0.0001889 -0.0007013  6.138e-05 -0.0008573 -0.0002177  -0.001613  -0.000186 -1.161e-05  -0.001117  -0.001689 -0.0009032  0.0002007 -0.0001355  6.081e-05 -4.809e-05  -0.001524  0.0009954  0.0009435   0.002408  0.0006813 -0.0001929  -0.002236  3.365e-05  -0.001685  0.0003563  0.0001383 -0.0005942  -0.002509  0.0003536  -0.001021
37 0   0.002797        nan    0.03141        nan   0.001421        nan   0.001705        nan  -0.007836        nan  8.794e-05        nan  0.0002628        nan  0.0004255        nan -0.0003395        nan  0.0004593        nan -0.0005224        nan  -0.001279        nan   -0.00182        nan -0.0007334        nan  0.0003563        nan   0.001291        nan  0.0002238        nan -0.0003884        nan   0.000782        nan
37 1   0.009142    0.04833  -0.001688 -0.0005217   0.003667   -0.01273   0.001171  -0.007571  0.0001088  0.0008591   0.004874  -0.002002   0.002021   0.001787 -7.051e-05 -0.0007633 -0.0007612 -0.0002168  0.0009686 -0.0001274  0.0002487 -5.776e-06  0.0009724   0.001529  -0.002931   0.003675   0.001906  0.0009292   0.003722  -0.003607  0.0003816   0.002808   0.001901  0.0003747   5.77e-05    0.00244  -0.004132    0.01037
37 2   0.002272  -0.001536   -0.02318 -0.0005214  -0.001638 -0.0003837 -0.0005944  -0.003472   0.004114 -0.0009736   -0.00077  -0.003823  -0.001336   -0.00175  0.0004351 -0.0001742   0.001339  -0.001066  -0.001784  -0.000288  0.0007555 -0.0002245 -0.0004547  -0.001418  0.0006278   0.003026   0.002868  0.0009233  0.0007967 -0.0006438  0.0001092     0.0024  3.019e-05 -0.0002249 -0.0008156   0.001927   0.001835  -0.003034
37 3   0.008968   -0.01329  -0.005565   0.001349    0.01707   0.008478  -0.007109  -0.008049   0.001631  -0.000575  -0.007225    -0.0058  -0.001427   -0.00109   0.001148  -0.001136 -0.0002145 -0.0003063  -0.002629   0.001022  0.0001446  -0.002204   0.000288 -0.0002659   0.005809   0.009305  0.0009775  4.148e-05  -0.007512  -0.005541 -0.0008262  -0.002747  -0.001272  -0.002323  0.0003455  -0.003149  -0.000784   -0.00704
38 0    0.01789        nan   -0.00543        nan  -0.006199        nan  -0.001064        nan   0.001377        nan   0.004644        nan  6.657e-05        nan  0.0002226        nan -0.0002816        nan -0.0009915        nan  0.0008558        nan   0.001234        nan   -0.00299        nan -0.0001324        nan   0.002215        nan   0.001442        nan  -0.001304        nan -3.729e-05        nan  -0.001103        nan
38 1    0.00255    0.01005   -0.03596   0.009442  -0.003728  -0.002097  -0.001678  0.0004298     0.0019   -0.00215 -0.0006382   0.003128   0.000454   0.003082 -0.0004251 -0.0002157    0.00103 -0.0003984 -7.062e-05  0.0009608  -0.000961   -0.00017 -0.0003596   0.001261 -0.0004301  -0.004065  -0.002449   0.001761  -0.002097   0.003699 -0.0005025   0.001816  3.471e-05  -0.001132  0.0003531  0.0007783  0.0009863  0.0009013
38 2   0.006649    0.03026    0.00486  -0.001796   0.004588    0.03288  -0.008383   -0.01281  -0.001605   4.15e-05  -0.003352  -0.008208 -0.0003593 -0.0004811  8.776e-05   0.001213  0.0001539 -0.0004294  0.0004848  -0.002871  0.0001564  0.0005424  0.0002108  0.0008946   0.004126  -0.001782 -0.0007071 -0.0005521   -0.00511  -0.006191 -0.0006672  -0.003083   0.001363   0.002279 -0.0005904 -0.0009203   0.001313  -0.005004
38 3   0.001601   0.002736  -0.001635  -0.002385  -0.004906   0.001013 -0.0003856  -0.002551   0.003533   0.001036 -0.0006376  -0.001872 -2.914e-05  -0.001877  0.0006086 -6.529e-05   0.000116  0.0008031 -0.0004308  -0.001129 -0.0006398  0.0001127   0.000189  0.0006307  0.0005593   0.001462  -0.001453 -0.0002428  0.0003117  -0.002095  -0.001632 -0.0002697  0.0003964 -0.0007429  0.0007339 -3.431e-05 -9.372e-05   0.001257
39 0  0.0009872        nan    0.02016        nan   0.001928        nan -0.0008063        nan  -0.007425        nan -0.0004305        nan  0.0007458        nan -8.375e-05        nan -0.0003123        nan -0.0002632        nan   0.001422        nan  -8.35e-05        nan  0.0002014        nan   0.001024        nan -0.0003063        nan  0.0004592        nan -0.0009146        nan   -0.00079        nan -0.0005416        nan
39 1  -0.002024    0.03156  -0.002746   0.001171   0.008545   0.004314  -0.004332   -0.01069  0.0006435  0.0002646  -0.002045  -0.007117   0.001608  0.0009936  0.0003343 -0.0005752 -0.0002386 -0.0002735  0.0007392   0.001805  0.0003935  0.0001052 -0.0001499 -0.0001331   0.002517   0.009122  0.0007017   -0.00076  -0.002598  -0.008014  -0.001436  -0.001369   -0.00108  -0.000342  0.0006584 -0.0001752   0.004951  -0.003425
39 2  1.538e-05  0.0004037   -0.02263 -0.0007951 -0.0001692  -0.003037 -0.0007985  -0.001383   0.006554 -0.0004229  -0.001187 -0.0005279 -0.0003722  0.0003111 -7.595e-05 -0.0003938  0.0001141 -0.0004932  0.0007903   0.001284  -0.001812  2.328e-05 -0.0005713   0.002455   0.001074   -0.00132 -0.0003306  0.0002327   -0.00185  0.0005076  0.0003172 -0.0007877   0.001769   0.001226   0.001577  -0.004202  9.875e-06   0.003313
39 3   -0.01301   -0.02484  -0.003835  0.0001058    0.02836     0.0112  -0.005297 -0.0008063    0.00133  1.328e-05  -0.009459  -0.002945 -0.0008674 -0.0004574  0.0006428 -0.0004425  7.832e-05  0.0003773   0.001042 -0.0003596 -0.0001847   0.001007 -0.0002414  0.0008655   0.007035    0.00315 -0.0004301 -0.0001776  -0.009907  -0.003609  5.073e-05  0.0007716  0.0007431   0.001312 -0.0003871   0.001811  0.0007326  -0.001274
40 0    0.01254        nan  -0.002844        nan  -0.005112        nan  -0.001502        nan   0.002517        nan   0.004001        nan -0.0001205        nan  -0.001132        nan    0.00176        nan  -0.001224        nan  0.0001727        nan -7.404e-05        nan  -0.003178        nan  -0.001287        nan   0.002596        nan -0.0005426        nan -0.0001929        nan -0.0007001        nan -0.0008382        nan
40 1   0.009809   0.005435   -0.03295     0.0106  -0.001943 -0.0003932 -0.0005227   0.001063   0.006098  -0.003811   0.000514   0.001839 -0.0002805  -0.002284  -0.001202   0.000618  0.0009237 -0.0008442 -0.0009927  0.0001085 -0.0003693 -0.0005973   0.001701 -0.0008161 -0.0007155  -0.002189  -0.002269   0.001324  0.0002072   0.001999   0.001829  0.0001462 -0.0005613  0.0004538   0.001274  0.0006669   0.005576  -0.004134
40 2    -0.0103    -0.0211  0.0004156  -0.002261    0.01532    0.03756  -0.006404  -0.007912 -0.0009384  0.0008615  -0.005788  -0.004601  0.0005144 -3.942e-05  -0.002408  0.0005693 -0.0008325  0.0006936  0.0006608  0.0001733   0.000168  8.065e-05 -0.0004361   0.001475   0.005008   -0.00097 -0.0006209  -0.001069   -0.00493  -0.006072 -0.0008716 -0.0007576   0.001087  0.0006306  0.0002121   -0.00113  8.208e-05  0.0006077
40 3   0.003244 -0.0007896  0.0005789  -0.001208  -0.003077   0.005053  2.371e-05  -0.001129   0.001846   0.001394  0.0001408  -0.002096  0.0006914   0.002885    0.00048 -0.0001773  0.0003555   0.001838   0.002167   0.000309  0.0002523  2.724e-05  0.0002602  0.0004652   -0.00063  0.0002257 -0.0009925 -0.0001117   0.001024 -0.0009896  0.0009651   0.001669 -0.0005889  0.0005759   0.001094   0.002347   0.001093  -0.001147
41 0  -0.003866        nan   0.003986        nan   0.002688        nan  -0.003772        nan  -0.004607        nan  -0.004213        nan  1.528e-05        nan  1.323e-05        nan  0.0006542        nan  -0.001247        nan -0.0001076        nan -0.0002673        nan    0.00331        nan  0.0009766        nan  -0.003277        nan -0.0009732        nan  0.0003014        nan -0.0005156        nan   0.001608        nan
41 1    -0.0097    0.02361 -0.0002175   0.002819   0.007974     0.0112  -0.006751   -0.01196 -0.0007249  -0.001441  -0.005594  -0.008993  -0.003157  -0.002195  0.0008272   0.000413   0.001265   0.000378 -0.0007553  -0.002809 -0.0004615 -0.0002523  0.0007009  -0.001472   0.003873   0.008513   0.001041  -0.002402  -0.005184  -0.004984  0.0002647 -0.0003518  -0.001576 -0.0003957  0.0005009  -0.002871  0.0003841   -0.01395
41 2  -0.002106   0.004066   -0.01559  -0.002114  0.0006723  -0.004313  -0.001737  7.794e-06   0.004642   -0.00132   -0.00268   0.001246  0.0005378   0.003308   -0.00108  0.0001817  -0.001114    0.00135    0.00154    -0.0002  -0.000343  0.0003394   0.001024  0.0005008   0.002795  -0.001845  -0.001779 -0.0006008  -0.003529  0.0006236 -0.0008666  -0.003225 -0.0003259 -0.0002108  0.0005672  0.0008051 -0.0008491  0.0005078
41 3   -0.02536   -0.03005  -0.002395  -0.001054     0.0315    0.01059  -0.003007   0.008491 -7.339e-05   0.001137  -0.007218  -0.000846   0.002233   0.001141  -0.001032   0.001016  0.0001444  2.092e-05   0.002416  0.0003393 -0.0002785   0.001461 -0.0001251 -0.0001412   0.004238  -0.002494  -0.001077  0.0002859  -0.007348  -0.002195  0.0008812   0.002796  0.0009271   0.001446   7.17e-05    0.00201  -0.001543    0.01276
42 0   0.009239        nan  -0.003417        nan  -0.002006        nan   0.002842        nan   0.001038        nan   0.002488        nan  0.0004174        nan   0.001173        nan -0.0005264        nan   0.002296        nan -0.0009346        nan -0.0007263        nan  -0.004123        nan  0.0002022        nan   0.002483        nan -0.0008188        nan    0.00157        nan   0.001191        nan  0.0007816        nan
42 1   0.006419   0.002129   -0.02367    0.01073  -0.002193  0.0009367 -0.0003306   0.001066   0.009091  -0.002275  -0.001291 -0.0003532 -3.485e-06  -0.002036  0.0006574 -0.0003247  -0.001494  0.0007723   0.002065  -0.001064   0.001784  0.0007933  0.0001528 -0.0005706 -0.0009715  0.0003943  -0.002615   -0.00137   0.002595 -0.0007795  -0.001843  -0.002182  0.0003587  0.0008772 -0.0003202  -0.001085  -0.006399   0.001877
42 2   -0.02202   -0.04616  -0.002064 -0.0006956    0.01823    0.03261  -0.001606   0.005218   0.001755 -0.0004997  -0.006763  -0.005118 -0.0003795  0.0006845 -0.0004713 -0.0005198  0.0008013  0.0005049 -0.0007721   0.001875  3.963e-05 -0.0009224  8.425e-05  -0.001494   0.002988  0.0008831  -0.001422  0.0004477  -0.004378  -0.005262   0.001259   0.002621  -0.001939  -0.002466  0.0008023   0.001953 -0.0003218   0.003801
42 3   0.002198  -0.002771   0.002358  -0.001667  -0.001905   0.008207  0.0005142  -0.001307  -0.002599 -8.879e-05   0.001586  -0.002312 -2.275e-05  0.0006763 -0.0001193  0.0001494  -0.001377   -0.00116  -0.001514  6.327e-05  0.0004054  -0.000449  0.0002239 -0.0005987  -0.001527  -0.000734   0.002505  0.0007238   0.001566 -0.0008493 -0.0002091   8.58e-05 -0.0001585  0.0001916 -0.0009306  -0.002071  -0.002101  0.0009927
43 0  -0.006614        nan   -0.00746        nan   0.002898        nan  -0.004467        nan  0.0004439        nan  -0.007453        nan  -2.29e-05        nan  0.0002599        nan  0.0004299        nan -0.0007321        nan  -0.001552        nan  -0.001053        nan   0.004882        nan  -0.002505        nan  -0.006509        nan   0.001641        nan  0.0007037        nan  0.0001747        nan  -0.002284        nan
43 1  -0.008826    0.02856   0.001892   0.003714   0.007325   0.008818  -0.004326  -0.008234  -0.001027 -0.0004993  -0.006358  -0.007869 -0.0007087 -0.0003157  -0.000466  0.0001373   0.000136  0.0003135  0.0005374  0.0008332 -0.0009318  0.0004467 -0.0005891  0.0007912   0.002537   0.001321    0.00146 -0.0009179  -0.003054  -0.003695  0.0001844 -0.0003603   0.002366  0.0004713  -0.001069   0.001303  -0.005018    0.01323
43 2  -0.001574   0.005587  -0.005456   -0.00292  0.0008463  -0.001659  -0.002596   0.001062   0.001068  -0.001601  -0.004125   0.001134  0.0002636  0.0004152 -1.048e-05 -5.804e-05  0.0001092  5.964e-05  -0.001278    -0.0016   0.002533 -0.0001593   0.000291  -0.002847   0.003511  0.0001783   0.001763 -0.0004078  -0.002831    0.00141  0.0001783   0.002509  -0.001859  -0.001015  -0.001426   0.003153 -0.0007381  -0.003379
43 3   -0.02915   -0.03765  0.0001862  -0.001019    0.02508   0.006433   0.001757   0.008285 -4.206e-05 -1.437e-05  -0.005254   0.004748  7.393e-06  -0.000301   0.000366 -0.0007104  8.141e-05 -0.0004442  -0.002763 -0.0006908   0.000532  -0.001447  9.906e-05  0.0007679   0.001239  0.0003274   5.77e-05  0.0005191  -0.001877   0.005528 -0.0007495  -0.001751 -0.0009634  -0.001956  0.0001125  -0.001695   0.003459  -0.006933
44 0    0.01089        nan  -0.004319        nan   0.002478        nan   0.003576        nan   0.000546        nan   0.001407        nan  0.0005232        nan   0.002049        nan  -0.002193        nan  0.0001527        nan -0.0001621        nan  0.0004945        nan  -0.002607        nan   0.001345        nan  0.0008072        nan  0.0003361        nan -0.0003511        nan  0.0003381        nan   0.001432        nan
44 1  0.0009606  0.0008616   -0.01644   0.009248  -0.001436   0.001775  0.0004104  -0.002497   0.006655  -0.001706   -0.00107  -0.001915  0.0007948   0.003515  0.0009608   -0.00121  -0.001182   0.001068  0.0001945    0.00112  -0.001069 -0.0001539 -0.0009234   0.001488  -0.001037   0.001177  -0.001638  -0.001004 -0.0001628  -0.001915 -0.0009532  0.0007268  0.0002476 -0.0004771 -0.0005055  0.0006852   0.001444   0.001226
44 2    -0.0246   -0.04622  -0.002058 -0.0002662    0.01544    0.02235   0.001327    0.00994   0.001509  -0.001221  -0.004708  -0.003303 -0.0006462  -0.000898    0.00186 -4.219e-06   0.001133 -0.0004569 -0.0001667   0.000116  0.0001739  0.0003813  0.0005586 -0.0007401  0.0002506  -0.002083 -0.0004451  0.0005688  -0.001884 -0.0001687  0.0001731  0.0002262  -0.000247  0.0001386 -0.0007609  0.0001164   0.001225  -0.002582
44 3  0.0007327  -0.002923   0.004759  -0.001143   0.000382   0.007658   0.002077  -0.001295  -0.001057 -0.0003768   0.002014  -0.001776 -0.0006489  -0.004398  6.844e-05 -2.654e-07  -0.001336  -0.001283  3.499e-05 -0.0002063  -0.000596  0.0002939 -0.0001016  -0.001625  -0.001747 -0.0003112  0.0009002 -8.951e-06   0.001875 -0.0007393  0.0003639  -0.001204  0.0005759 -0.0005074 -0.0005361  -0.002371   0.001238 -0.0005778
45 0  -0.006182        nan   -0.01378        nan     0.0016        nan  -0.003619        nan   0.001848        nan  -0.005119        nan  0.0004019        nan  8.086e-05        nan -0.0004397        nan   0.001701        nan  0.0008321        nan -1.243e-05        nan    0.00441        nan  -0.002223        nan  -0.005797        nan -0.0004161        nan -0.0005034        nan -0.0001009        nan   0.001226        nan
45 1  -0.005476    0.02745   0.001886    0.00265    0.00528    0.00988 -0.0008743  -0.003691  0.0002077   0.001155  -0.004743  -0.004275   0.003397   0.002136  -0.001079  -0.001113  -0.001295 -9.816e-05 -0.0003324   0.002232    0.00123 -0.0004552  0.0003573  0.0008402   0.002497  -0.001647 -0.0002898  0.0004679  -0.001662   -0.00499   0.000559   0.003301 -0.0003598  0.0007876  9.832e-05   0.002975   0.004072   0.006312
45 2  9.159e-05   0.002511   0.002949  -0.003535   0.000389  0.0005216  -0.002653   0.001447  0.0007762   0.000687   -0.00349   0.001232 -0.0004584  -0.002263   0.001134 -0.0005082   0.000793  -0.001632 -0.0002111   0.001319 -0.0007455 -0.0002371 -0.0008169   0.001069    0.00252 -3.799e-05   0.002229  6.777e-05   -0.00296   0.000895  0.0009579   0.002553   0.001372  0.0004686 -0.0002448  -0.001236   0.002791   0.001813
45 3   -0.02492   -0.03462   0.003059  -0.000261    0.01125  -0.003119   0.005023   0.004407  0.0006112  -0.001413   -0.00321    0.00761   -0.00283  -0.001156   0.001833  -0.001526 -7.077e-05  4.566e-05 -0.0002385   0.002245 -0.0004196 -0.0006284  0.0008629  -0.001164  0.0005474   0.002133  0.0001564 -0.0001306   0.000647   0.009269 -0.0005855  -0.004508 -0.0005074 -0.0004679 -9.743e-06   -0.00102  -0.004587   -0.01214
46 0   0.007228        nan -0.0003826        nan   0.004419        nan -0.0007694        nan   0.001623        nan  0.0009521        nan -0.0005015        nan -0.0007621        nan  0.0007658        nan  -0.001794        nan   0.001032        nan    0.00175        nan  -0.000146        nan -6.913e-05        nan -0.0001529        nan -7.919e-05        nan  -0.001464        nan -0.0007736        nan  -0.002796        nan
46 1   0.001916 -0.0004566   -0.01084   0.004497   0.002521   0.001305   0.001085  -0.003766   0.003203  -0.002604    0.00129  -0.001944  0.0007261   0.001217 -0.0008615  0.0004162   0.001192 -0.0007887  -0.001412 -0.0001551 -0.0007518  -0.000426   0.001091  -0.001196  0.0001653  0.0009113 -0.0001315   0.001321  -0.002534  -0.001547   0.001406   0.001598 -0.0008068  -0.000725   0.001983  0.0006663     0.0029 -0.0006946
46 2   -0.01863   -0.04515  -0.002785  5.992e-05   0.008655   0.004317    0.00282   0.004574 -0.0007511  0.0004853  9.585e-05   0.004501  0.0007255  -0.001194 -0.0007767  0.0009632 -0.0009479  9.349e-05   0.001116  -0.002611  2.056e-05  0.0005018 -0.0002911   0.002058 -0.0009952  -0.005236  0.0009689  -0.001409   0.001793   0.004322  -0.001687    -0.0036   0.002225   0.002747 -3.716e-05  -0.002171  -0.003061  -0.002327
46 3  -0.001203  -0.001394   0.008178   0.001304   0.001792   0.003298   0.002851  0.0003521   0.001786  0.0009267   0.001886 -0.0007182  0.0004306  0.0001493  0.0006537 -0.0001381   0.000972   0.002359  0.0006505  -0.001699 -0.0001123  0.0001839  0.0002739   0.001537  -0.001822  0.0002265  -0.002608  -0.001194   0.001907  0.0001107  -0.001536   0.001363 -0.0001822  7.762e-06   0.001992   0.002937  0.0007935   0.000691
47 0  -0.005707        nan   -0.02063        nan -0.0009865        nan   -0.00247        nan  0.0006749        nan -0.0009033        nan -0.0004224        nan -0.0004305        nan  0.0001965        nan  -0.001687        nan   0.001217        nan  0.0005578        nan   0.002937        nan   0.001368        nan  -0.001919        nan -0.0003212        nan -0.0006798        nan   -0.00085        nan  0.0006459        nan
47 1  -0.004756    0.01141   0.002564  2.156e-05  -0.001384    0.01589  -0.000371  -0.003212  7.531e-05 -8.873e-05  -0.001579    -0.0012 -0.0006151  -0.001191 -9.892e-05  0.0003675  0.0002263    0.00022  0.0004154  -0.003101  0.0001928  0.0002314 -0.0005633   -0.00122   0.002473    0.00103  -0.001533  -0.001232  -0.002852   -0.00182 -0.0006272  -0.004189     -0.002   -0.00156   0.001133  -0.004217   0.000336   -0.01839
47 2  0.0002174  -0.001784   0.007942   -0.00542 -0.0001187  -0.001239  -0.002191  0.0007845  0.0007329   0.002206  -0.001648   0.001626   0.001281   0.001715 -0.0001441 -0.0001625  -0.001133  0.0006094  0.0006069  0.0003332  -0.002843   0.000242 -0.0002554   0.002298   0.002021  -0.001232  -0.001746 -0.0002796  -0.003993   -0.00123 -0.0007864  -0.005017   0.001142   0.001326   0.001697  -0.004097  -0.002902   0.001058
47 3   -0.01284   -0.01278   0.003616  -0.000456  -0.001979   -0.01212   0.003336   0.005568 -0.0004338  -0.000144   0.001161   0.003474  0.0009153  0.0006798 -9.951e-05  0.0007127   0.000222  0.0005736   0.002519  -0.002629 -0.0004143   0.001981  -0.001476   0.001295 -0.0009018  -0.003578  -0.001001 -0.0002927   0.000336   0.002658   0.001273   0.006362   0.001434   0.002337  7.663e-05   0.002137   0.003457    0.01985
48 0  -0.002818        nan   0.004042        nan   0.004679        nan  -0.001349        nan  0.0002804        nan  -0.001135        nan -0.0002589        nan -0.0008225        nan   0.001695        nan  0.0008406        nan -0.0007041        nan  -0.002092        nan   0.000177        nan -0.0004152        nan -0.0002762        nan -0.0001122        nan   0.001273        nan  0.0004923        nan   0.001079        nan
48 1   0.002944 -0.0006449  -0.002877 -0.0004075   0.004257  0.0009444  0.0008783  7.953e-05   0.003518  -0.000616   0.000542 -0.0007841  -0.001139  -0.003777 -0.0006741   0.001031  0.0001164 -0.0006201   0.001112 -0.0008695   0.001148  0.0002636  0.0009185 -0.0004232  0.0006168  0.0006537 -0.0003231 -0.0001102  0.0004774 -0.0007086 -0.0004998  -0.001448   0.000472  0.0007713 -0.0005786 -0.0006367  -0.002925  -0.001669
48 2  -0.009507   -0.04008  -0.003856   0.001931 -4.841e-05   -0.01389   0.004817   0.006364  0.0006952   0.001079    0.00303   0.007301  0.0003416  0.0009127  -0.002226   -0.00052 -0.0009752  0.0007283 -0.0003932   0.001767  0.0001504 -0.0007251 -0.0004371 -0.0006185  -0.001688  -0.001805  -0.000245 -0.0009652   0.002802   0.002472  0.0007572   0.002293  -0.001118  -0.001956  0.0005782   0.001129   0.004365   0.004393
48 3  -0.003789  0.0009015   0.009284   0.001792 -4.094e-05   -0.00137   0.001264  0.0003847  -0.002253   0.000731   0.001756 -0.0002751  0.0007293   0.003485  0.0001517 -8.645e-05  0.0003804   0.001007   0.000266   0.003114  0.0003258 -0.0003162 -5.025e-06  -9.62e-05  -0.001582  -0.000165  0.0003154 -0.0001899   0.001238  0.0002574   0.001525   0.000624 -0.0004007  0.0003414 -0.0007474  0.0002662   -0.00165  -0.001313
49 0    -0.0046        nan   -0.02456        nan  -0.003531        nan -0.0007429        nan   0.003233        nan -0.0001679        nan -0.0004833        nan -0.0001987        nan  0.0008843        nan    0.00063        nan  -0.001672        nan -0.0001544        nan  0.0007528        nan  0.0003223        nan  6.309e-05        nan -0.0002244        nan   0.001198        nan   0.001422        nan -0.0009885        nan
49 1  -0.003258  -0.003539   0.003962  -0.001968  -0.006427     0.0144 -0.0002995  -0.002562   -0.00146 -0.0007873  0.0002807  -0.001824  -0.003018  -0.001872  0.0002066   0.001177   0.001119  0.0004969  -0.001262   0.001651  -0.001087 -0.0001649  0.0003873 -3.629e-05   0.001208 -0.0004431  8.983e-05  -0.001101  -0.001509    0.00128  1.926e-06   0.001058   0.001048  0.0005889  -0.001892  0.0008739   -0.00249   0.006599
49 2 -0.0001807  -0.003276    0.01016  -0.006916   0.000157  -0.002094  -0.001367  0.0003664  -0.002808   0.001071 -0.0007741  0.0007603  0.0007374   0.003041 -0.0009885   0.000391  -0.001152   0.001891  3.379e-05  -0.001518   0.002908  0.0004085   0.001538  -0.002367   0.002277  0.0006862 -0.0005404 -2.942e-05  -0.002548  -0.001416 -5.414e-05  0.0009536  -0.001849  -0.001423  -0.000669   0.003763   0.001423 -0.0007649
49 3   0.001644   0.009936   0.002315  -0.001912  -0.009071   -0.01232   0.001781   0.004103  -0.001195   0.001063   0.004535   0.001046   0.002097  8.784e-05  -0.001105  0.0009692  0.0001871 -0.0003737 -0.0006501   0.001166   0.000783 -0.0002751  0.0006327 -0.0005248  -0.002651  -0.003285 -0.0002353  0.0004545     0.0025  0.0003124 -0.0004092  0.0002348 -0.0005757 -0.0009861 -0.0005432   0.000925  0.0001364  -0.004769
50 0  -0.007389        nan   0.002616        nan   0.006606        nan    0.00175        nan  -0.002139        nan   -0.00329        nan  0.0003252        nan    0.00179        nan  -0.001549        nan   0.002348        nan  -0.001047        nan  0.0005036        nan  0.0001911        nan   0.001415        nan  -0.001129        nan -0.0002312        nan  0.0008728        nan  0.0004529        nan   0.001432        nan
50 1  -0.002097   0.001846   0.003711   -0.00142  0.0002478   0.002311  0.0006712   0.001931   0.002674    0.00227  -0.001386  0.0004726  6.065e-05   0.001525   0.001421 -0.0009555   -0.00209   0.001664   0.001406   0.001249  0.0004086  0.0003024  -0.001151   0.001459 -0.0008756 -0.0009153 -0.0006428  -0.002542   0.002101  0.0006174  -0.001196  -0.001597  0.0003724  0.0006099   -0.00102 -0.0001011  0.0008148   0.001695
50 2  -0.001747   -0.01635    -0.0024   0.003267  -0.006324   -0.01887   0.004152    0.01061    0.00288 -0.0006449   0.001968   0.002191 -0.0005264 -3.052e-06   0.001832  -0.001093   0.001034 -0.0004143  -0.001297   0.001963 -0.0001627 -4.306e-05  0.0007572  -0.001746  -0.001721   0.002282  -0.001623   0.001219  0.0009962 -0.0003155   0.001562   0.002176  -0.001309  -0.001647 -0.0001741    0.00185  -0.003331 -0.0009542
50 3  -0.004292   0.001302   0.006181 -0.0004579  -0.002289  -0.003883 -0.0006078  -0.001706  -0.005354 -0.0004737  0.0008252 -0.0007222 -0.0006171  -0.003466   -0.00056  0.0004167  -0.001565  -0.003012  -0.001454  -0.002701 -9.754e-06 -6.827e-05 -6.319e-05  -0.001637 -0.0004688  0.0004602   0.003746  0.0009803  0.0001547 -0.0006859 -4.625e-05  -0.001628  0.0003711  1.156e-05  -0.001618  -0.004222  0.0004563   0.001947
51 0 -0.0005885        nan   -0.01916        nan   -0.00404        nan  0.0005991        nan   0.006031        nan  8.264e-05        nan  0.0005764        nan  0.0003285        nan -0.0004964        nan   0.001167        nan  3.624e-05        nan  6.774e-05        nan -0.0007345        nan   -0.00251        nan -0.0001983        nan -0.0001492        nan -0.0002729        nan  0.0002231        nan  -7.96e-05        nan
51 1  0.0002724  -0.007004   0.002722  -0.002953  -0.002883   0.005213   0.002196   0.002104 -0.0008787   0.001558   0.001227   -0.00178   0.002022   0.001836  -0.001538 -0.0008303 -0.0007734  -0.000388   0.001187  5.151e-05  0.0004245  1.731e-05  -0.000615  0.0004568 -0.0006434  -0.005868  0.0008061   0.001844   0.002477  -0.001294   0.001247   0.003288   0.001655   0.001055  0.0006919   0.002334   0.001097    0.01379
51 2  0.0007266  -0.002619   0.009071  -0.005249  0.0008979   0.001826 -5.411e-05  0.0003806  -0.004101   0.001037 -0.0001694 -0.0006392  -0.000885   -0.00327   0.000919 -0.0002904   0.001401  -0.001251 -0.0007879  0.0009815  0.0007979 -0.0009249 -0.0007383  -0.001009  0.0008201   0.001934   0.004238   0.001012  0.0003336  0.0003127  0.0004182   0.004673 -0.0002295 -0.0006693  -0.001602   0.002362 -0.0006236  -0.002118
51 3    0.01155    0.01785   0.002016   -0.00279   -0.01183    -0.0067   0.003313  -0.004922 -9.855e-05 -0.0001938   0.004211   0.003186  -0.002063 -0.0008263   0.001354  -0.001397 -0.0004307 -0.0002945  -0.002767   0.001218 -0.0005704  -0.001995  0.0007311 -0.0003082  -0.002659   0.004834   0.001335   0.000739   0.005124   0.005779  -0.001058  -0.008697  -0.001096  -0.001649   0.001042   -0.00425  -0.003168   -0.01455
52 0  -0.005669        nan  -9.48e-05        nan   0.007302        nan -0.0008933        nan -0.0003752        nan  -0.002427        nan -0.0001409        nan   0.000132        nan -0.0007416        nan  -0.003351        nan   0.001754        nan   0.001444        nan   0.002442        nan  0.0007717        nan  -0.002286        nan  0.0003246        nan  -0.002131        nan -0.0005347        nan  -0.001604        nan
52 1  -0.004839   0.002606   0.004283 -0.0008095  -0.002749   0.002757  0.0007727 -0.0002138  -0.001801  0.0005096   0.001069  0.0007967  0.0007593   0.004444  0.0001979 -0.0007026  0.0004205    0.00043  -0.002612  5.987e-05  -0.001646 -0.0001962  0.0001448 -0.0001712 -0.0002116  -0.002651  0.0009847 -0.0001644  -0.001273    0.00211   0.001133   0.001688 -0.0008442  -0.001673   0.001709   0.002089 -0.0005678  0.0009822
52 2   0.002841   0.002959 -0.0006361   0.002573  -0.006852   -0.01585 -0.0003747  0.0004277  -8.71e-05 -0.0006363  0.0007056    0.00175   0.000146  -0.001593   0.002039  0.0007757 -6.138e-05 -0.0009669   0.001396  -0.003901  0.0002128  0.0008961 -0.0007957   0.001732   0.000296 -2.883e-05  0.0003191 -0.0002067 -0.0004342   0.002254  -0.002057  -0.003821   0.001736   0.003322 -0.0007158  -0.003102   0.000665  -0.003134
52 3  -0.001955  -0.001169   0.002635 -0.0001632   -0.00163   -0.00494 -0.0002324  -0.001558   0.000241  0.0004544 -0.0003682 -0.0008274 -0.0006929  -0.002641  0.0002174  -5.85e-05   9.55e-05  0.0001628  0.0005063  0.0004666 -0.0003801  0.0004878  -0.000767  0.0005456  0.0004983   0.001758 -0.0005786 -0.0003329 -1.564e-05  -0.001093 -0.0003509   0.001662  0.0002797 -0.0008002   0.001418   0.002794   0.001577  -0.001814
53 0   0.003247        nan   -0.01049        nan  -0.001561        nan   0.001047        nan    0.00222        nan   0.002862        nan -4.208e-05        nan  3.436e-05        nan -0.0008881        nan -0.0002132        nan   0.001447        nan   0.001284        nan  -0.001422        nan  0.0006493        nan   0.001705        nan -3.513e-05        nan  -0.001091        nan -0.0004488        nan  0.0009392        nan
53 1  0.0002374   -0.01305  0.0001232  -0.004551   0.002277   0.003191   0.003098   0.004512  0.0007891   0.002053   0.002773   0.002485   0.001368   0.001404 -0.0007526 -0.0007334 -0.0005104 -0.0005376 -0.0006741 -0.0004544   0.001595 -5.593e-05  0.0003243  0.0007395 -0.0009351  -0.001593  -0.001352   0.001321   0.002022  -0.001509 -0.0002716  -0.003991  -0.002851   -0.00154  -8.41e-05  -0.001124  0.0004776    -0.0178
53 2   0.001168  -0.002392   0.004997  -0.001957   0.001212   0.004597  0.0008388  0.0004417 -0.0004369   0.002341    0.00139 -0.0002846 -4.557e-05  -0.002433  0.0008541 -0.0004798  0.0007399  -0.001833 -0.0002488 -0.0003791  -0.003675  0.0006671    -0.0018   0.002593  -0.001097  -0.001367    0.00124  0.0003441  0.0002915  0.0005578  0.0006475  -0.004251   0.002366   0.002327   0.001454  -0.007675   0.001951   0.003329
53 3    0.01637    0.02244    0.00282    -0.0018    -0.0117  -0.003372   0.002215  -0.006889  0.0002919 -0.0006052      0.004 -0.0006731  -0.001113  0.0004473   0.001021 -8.058e-05 -0.0002377  0.0006862    0.00362  -0.001906 -0.0002029   0.001932 -0.0007156  0.0008272  -0.001634    0.00175 -0.0002514  0.0001315   0.002402  0.0009462   0.001243   0.009165   0.001292   0.002331 -0.0007028   0.004051   0.003145    0.01482
54 0  -0.007886        nan   0.002357        nan   0.001924        nan  -0.004683        nan   0.001474        nan  -0.001991        nan -0.0006954        nan   -0.00232        nan   0.002353        nan   0.001006        nan -0.0003197        nan  -0.001588        nan   0.003608        nan  -0.001353        nan  -0.002185        nan  0.0001851        nan  0.0004857        nan -0.0005833        nan -0.0009972        nan
54 1  0.0006904  -0.001026   0.004329  -0.002714  0.0002228 -0.0004404 -0.0004086  0.0005768  -0.002778  -0.001657   0.002414  0.0009805  -0.001271    -0.0041   -0.00202    0.00202   0.001884  -0.001889  0.0009386 -0.0001604  0.0006915 -0.0005924   0.001014 -0.0004622   0.001711  -0.001369     0.0016    0.00197  -0.001739   0.001905  0.0008887   0.000599  0.0002688  0.0006699 -0.0004791  -0.001201   0.002675  -0.003239
54 2   0.003547  -0.007073  -0.002067   0.002163  -0.004016   -0.01927   -0.00281  -0.006174  -0.001667   0.000764  -0.000438   0.005733  0.0007893   0.001107  -0.002864  0.0003276   -0.00156  0.0003894  0.0004666   0.001235 -0.0001884 -0.0006231  0.0005461  0.0004523   0.002294 -0.0003188   0.001377  -0.001955  -0.001175   0.003076  0.0001612  0.0004863  0.0004759 -0.0007396   0.000894  0.0008431   0.001442    0.00347
54 3 -0.0008145  -0.003326   0.001763   0.003403 -0.0006064  -0.005016   0.000616   0.000644   0.002581    0.00145  0.0002874  -0.000372   0.001274   0.004941  0.0004332 -8.228e-05   0.001921   0.003389  0.0008287  0.0008748 -4.103e-05 -0.0002604   0.001002   0.001472 -0.0001662   0.001169  -0.002783  -0.001113  0.0007159  0.0001018 -0.0003778  0.0005016 -0.0005593  0.0008056  0.0009073   0.001827  -0.002139  0.0009006
55 0   0.002507        nan  -0.006809        nan   0.001536        nan   0.002315        nan -0.0008498        nan   0.003716        nan -0.0001888        nan -0.0001584        nan  0.0007986        nan -0.0004714        nan  -0.000698        nan -0.0004207        nan  -0.002332        nan   0.003085        nan   0.004357        nan  -0.001337        nan   0.001117        nan  0.0007768        nan -0.0002928        nan
55 1  -0.002956   -0.02798  0.0004345   -0.00513   0.000109    0.00663   0.000715   0.002236 -0.0004537 -0.0005575   0.002586   0.003772  -0.002318  -0.003236   0.001242   0.001572   0.001478  0.0005157 -0.0001318  0.0002111  -0.001639   0.000242 -0.0002294  -0.001689  -0.001009   0.004241  -0.001556  -0.001561  -0.000756   0.004087  -0.001963  -8.55e-05  0.0005072  0.0002981  0.0004126  -0.002856   0.000489    0.00159
55 2 -0.0002599   -0.00236   0.001965  -0.000318   0.001278   0.001502  0.0006875   0.001066 -0.0002111  0.0002309   0.001449   0.001517   0.001097   0.004972   -0.00168  0.0007005  -0.002105   0.002572   0.001024 -0.0001133   0.001725  0.0001389   0.002392 -0.0008184 -0.0003302  -0.003089  -0.003164  -0.001024 -0.0005327  0.0004169 -0.0009053 -0.0008146  -0.001601  -0.001133   0.000429   0.003524  -0.004448 -0.0005478
55 3    0.01781    0.03186   0.002167 -0.0001558  -0.006332    0.00105   -0.00241  -0.001475 -0.0007825   0.001021   0.003723  -0.007145   0.003108  0.0006191  -0.002286   0.001517  0.0002201 -0.0001399 -0.0007739   0.001015  0.0005285   0.000398 -0.0006379 -0.0002065  -0.001526  -0.006123  -0.001674  0.0001492  -0.001266  -0.008664 -8.324e-05  -0.001493  7.936e-06 -0.0001298  8.297e-06  0.0003307 -0.0007164   0.004983
56 0  -0.009784        nan   0.004207        nan  -0.004718        nan  -0.000626        nan  -0.002014        nan  -0.003909        nan  0.0004428        nan  0.0009774        nan  -0.000852        nan   0.001392        nan  -0.001864        nan  -0.001225        nan   0.001694        nan  0.0002797        nan   -0.00159        nan  0.0004591        nan    0.00238        nan  0.0005799        nan   0.003778        nan
56 1   0.004321  -0.002072   0.009093  -0.004615   0.001828   -0.00346  -0.001572   0.003815  0.0001743   0.001596  -0.002763   0.002057 -0.0001091  -0.001241   0.001112 -0.0002966  -0.002084    0.00133   0.001728  6.042e-05   0.001637   0.001078  -0.001414   0.001101 -0.0001537  0.0001618 -0.0004317  -0.001622   0.001883  0.0005818  -0.002522   -0.00451   0.001077   0.001335  -0.001711 -0.0006433  -0.004591   0.003068
56 2   0.001654   -0.01321  -0.002918   0.002975  -0.002375   -0.01972  -0.001088   0.005778   0.002917  -0.000658  -0.002097   0.001103 -0.0006951   0.001174  0.0003885  -0.001239  0.0009021  0.0001538  -0.002317   0.003164 -0.0001586 -0.0001902  0.0001274  -0.002375   0.001796   0.006099  -0.001302     0.0012  -0.002244  -0.002463    0.00169     0.0047  -0.002816  -0.003466  0.0002822   0.002472   -0.00168 -0.0002186
56 3  -0.001846   -0.00243  0.0003705    0.00298   -0.00231   -0.00313 -0.0003393  -0.000208  -0.004288 -0.0008208   0.001615  0.0001677  -0.000555 -0.0006148 -0.0007826  0.0001558  -0.001322  -0.002965  -0.001035  0.0003775  0.0008187 -0.0003758 -0.0002273   -0.00161  -0.001135 -0.0009735   0.003414  0.0007877   0.001002   0.001011   0.000988  -0.003757  0.0003445 -9.157e-05  -0.002743  -0.004321   0.001199  0.0001615
57 0  0.0005164        nan  -0.001735        nan    0.00172        nan   0.003575        nan   0.003235        nan   0.001423        nan  0.0007715        nan  0.0004498        nan -6.774e-05        nan   0.001473        nan  -0.001507        nan  1.302e-06        nan  -0.003779        nan  -0.001999        nan   0.002757        nan   0.001431        nan -0.0001216        nan  0.0008098        nan  -0.001128        nan
57 1   -0.00139   -0.02989  0.0009844  -0.001596    -0.0017  -0.002486 -0.0004184   0.004229 -0.0009697  0.0005366 -0.0002208  -0.001635  -0.000629   0.002019 -0.0005543 -0.0001856 -0.0001391  0.0003151  0.0008582  -0.000351 -9.703e-05 -0.0004597  0.0006133   0.001341 -0.0003965  -0.004039   0.001393   0.001215   0.001448   0.001376   0.003292   0.004964   0.002927   0.001302 -0.0009998   0.005535  -0.003008    0.01751
57 2 -0.0002052 -7.965e-05    0.00179  0.0009969   0.001366  -0.000476 -9.163e-05   0.002191  -0.003657  -0.002526 -0.0008236    0.00161  -0.001065  -0.001248  0.0001068 -0.0002173  0.0009874  0.0001299 -0.0006153  3.175e-05    0.00302 -0.0006979 -0.0002829  -0.002435  0.0003536  0.0001235   0.003317  0.0006757   0.001024    0.00216 -0.0003746   0.005354  -0.001162  -0.002035   -0.00189    0.00582   0.005886   -0.00349
57 3    0.01312    0.02715 -0.0006761   0.000189   0.002018     0.0115  -0.002779   -0.00525 -7.706e-05  -3.38e-05  -0.001388  -0.002276 -0.0005332  -0.001377  0.0002777 -0.0008589 -9.883e-05 -0.0008253  -0.002723  0.0007368 -7.109e-05  -0.002484   0.002481 -0.0003276  0.0003567   0.003461    0.00106  0.0007323  0.0002514  0.0003356  -0.001483  -0.007024  -0.001573  -0.002618  0.0007502  -0.004413  -0.002022   -0.02531
58 0  -0.001135        nan -0.0005546        nan  -0.004824        nan   0.001392        nan  -0.001953        nan  -0.001056        nan  0.0001741        nan   0.001394        nan  -0.002183        nan   -0.00256        nan   0.003148        nan   0.003293        nan  0.0009806        nan    0.00121        nan -0.0009276        nan -0.0007255        nan  -0.004102        nan -0.0004838        nan  -0.004323        nan
58 1 -0.0005908   0.003549    0.01137   -0.00249   -0.00232    -0.0022 -0.0004949   0.001384  -0.002541   0.002066  -0.002676   0.002593   0.001394   0.006996   0.001891  -0.002422 -0.0009141   0.002441  -0.003389   0.001365  -0.003095 -0.0008864   0.000973  0.0001745 -0.0004953  -0.002356  0.0004346  -0.001487 -0.0003481   0.001802   0.003064   0.004931  -0.002075  -0.002514   0.002838   0.003102   0.004439  -0.001466
58 2  0.0002896    0.01335  0.0005035   0.002021  -0.001309  -0.002688  -0.001345   0.002125    0.00128  -0.001371  -0.001539  -0.004644  -0.000437  -0.003088   0.004672  6.128e-05  0.0009418  -0.001156   0.002546  -0.005897  0.0003279    0.00111 -0.0009388   0.001998  0.0005117   0.004459 -0.0004162   0.001423  -0.001351  -0.001798  -0.001727  -0.006465   0.003202   0.005567  -0.001746  -0.004476  0.0007149  -0.002771
58 3 -0.0005035  -0.001217  -0.003546  -0.001967  -0.003347 -0.0006903 -6.215e-05  -0.001363  -0.001833  -0.001399  0.0004667 -0.0002294  -0.001758  -0.006039 -0.0003804  0.0001958  -0.001758  -0.002577 -0.0006527   -0.00246  -0.001069  0.0009025   -0.00176  0.0001412 -0.0002529 -0.0002502   0.001862  0.0007755  0.0005651  9.088e-05  0.0002643   0.005961  0.0001372 -0.0007816   0.001673   0.003313  0.0001594 -0.0005892
59 0    0.00198        nan   0.009317        nan -0.0001803        nan   0.001228        nan  0.0008243        nan   0.001632        nan  1.714e-05        nan  0.0002155        nan  -0.001601        nan -0.0009718        nan   0.002881        nan   0.001045        nan  -0.002023        nan  -0.001892        nan  0.0006192        nan  -0.001487        nan -0.0009667        nan  -0.001349        nan   0.001867        nan
59 1   0.004383   -0.01058  -0.003344   0.002501   0.004954   -0.01716   0.001042   0.004843   0.001742   0.001158 -0.0008381  0.0003843   0.003022   0.001182  -0.001879  -0.002434  -0.001625  -0.001361   -0.00133   0.001038    0.00228  0.0006146  -0.001346  0.0002182  2.577e-05  -0.003782  0.0002573   0.002855   0.002232  -0.003463    -0.0024  -0.007259  -0.004545  -0.001767  0.0007319  -0.004546   0.004241   -0.02342
59 2   0.003143   0.003909  3.244e-05   0.003283  0.0006914   0.003021 -3.449e-05   0.001135 -0.0003176 -0.0003203 -0.0006074  0.0003374  -0.000707  -0.007829   0.001789 -0.0007086   0.002766  -0.004313 -0.0004517 -0.0006394  -0.006038  0.0006883  -0.002498   0.003008  -0.001909 -0.0003136   0.004134   0.001264    0.00169    0.00202   0.002088  -0.004394   0.003188   0.004289   0.001502   -0.01319  -0.005252   0.005196
59 3   0.002252   0.002825  -0.003782 -0.0003768   0.006322    0.01615  -0.000408  -0.005857   0.001282  -0.001368  -0.004601     0.0014  -0.003113   0.002349   0.002468  -0.000716 -0.0002498    0.00109   0.003973  -0.001149 -0.0007143   0.002688  -0.003018   0.001155   0.002234   0.006533   0.001353  5.731e-05 -0.0002648   0.006203   0.002083   0.009148   0.001989    0.00362 -0.0009748   0.006104   0.002857    0.02979
60 0   0.003451        nan  -0.001702        nan  -0.003974        nan  -0.003944        nan   0.003885        nan     0.0033        nan -0.0008026        nan  -0.003603        nan   0.003165        nan   0.001325        nan  -0.002448        nan  -0.003996        nan   0.002309        nan  -0.002698        nan  1.921e-06        nan   0.001468        nan   0.003381        nan -0.0005697        nan   0.002962        nan
60 1  -0.002738    0.00453   0.007513  -0.001238  -0.002147  -0.001682 -0.0006413  -0.001189  -0.006311  -0.003257   0.004905   0.001506  -0.001269  -0.007943  -0.003249   0.003372   0.003304  -0.004403   0.002458  -0.001845   0.002621  0.0003196 -0.0009335 -0.0009385   0.003736  -0.002962   0.002735   0.004641  -0.004627   0.003962  -0.001866  -0.002962   0.002007   0.002161  -0.002888  -0.003678  -0.002745  0.0002616
60 2 -9.372e-06    0.01837   0.001954  -0.000253   0.001876   0.005266  -0.001151   -0.01693  -0.005604   0.001533   0.001172   0.001686  0.0008196   0.003034  -0.005608   0.001237  -0.001925  0.0009926  -0.001185   0.004997 -0.0005296  -0.001167   0.001518  -0.000756 -0.0002519  -0.005243   0.003661  -0.003819   0.001195   0.004618  0.0004652   0.004943  -0.001917  -0.004498   0.002345   0.003625  0.0001481    0.00324
60 3   0.001982  -0.001126   -0.00404 -0.0008361  -0.001172 -0.0004071   0.001235   0.001621   0.007681   0.001709 -0.0009203  -0.000167   0.002447   0.009184   0.001201 -0.0003477   0.003388   0.006612   0.002264   0.003554  0.0007434 -0.0008438   0.002992   0.001687   0.001028   0.001415  -0.006533  -0.001768  0.0006375  0.0001725  -0.001809   -0.00612 -0.0003189   0.000964  0.0005623  -0.000133 -0.0007179  0.0004668
61 0   0.002529        nan    0.01126        nan -0.0002678        nan  0.0001555        nan  -0.007708        nan   0.002593        nan -0.0004927        nan -0.0005342        nan   0.001734        nan  0.0001531        nan  -0.002541        nan  -0.001222        nan  0.0003276        nan   0.005072        nan   0.003291        nan    0.00101        nan   0.001181        nan    0.00118        nan  -0.001537        nan
61 1   0.003095  -0.003429  -0.005387   0.002048   0.005341   -0.01179 -0.0007215  -0.002821  0.0008394  -0.003876  0.0006062   0.007809  -0.002575  -0.003048   0.003426   0.003218   0.002232   0.001705   0.001878  -0.001653  -0.002758 -0.0004829   0.002197  -0.001626  -0.001035    0.01322  -0.003311   -0.00357  -0.004629   0.005018  4.273e-06   0.006203   0.003622   0.001265  0.0007038   0.001603  -0.003357    0.01665
61 2   0.004266   0.004287  -0.002614   0.002376 -0.0007423   0.001697  0.0001461  -0.001337   0.003517  0.0004746   0.002055  0.0005959    0.00212    0.01074  -0.002172   0.001399  -0.004182   0.005004   0.001266  0.0005942   0.005351 -0.0003782   0.003543  -0.002089 -0.0009844  -0.004181  -0.007923  -0.002565   6.23e-05  -0.001105  -0.002873   0.001902  -0.003137  -0.004053 -9.014e-05    0.01201   0.003252  -0.004005
61 3  -0.003888  -0.006481  -0.004441  9.747e-05   0.007885   0.008574  -0.002204   0.007872  0.0004581  0.0007119  0.0001273  -0.007634   0.004508  -0.002326  -0.004162   0.002076   0.001135 -0.0006766  -0.002881  0.0005858   0.001155  -0.001606   0.002185  -0.001369 -0.0003456   -0.01616   -0.00243 -0.0004596   -0.00546   -0.01307  -0.001734   -0.00596  -0.001373  -0.002798  0.0007293  -0.004815  -0.002147    -0.0204
62 0  -0.007914        nan   0.006673        nan  -0.009222        nan   0.001964        nan  -0.004443        nan  -0.003376        nan  0.0007237        nan   0.002533        nan  -0.002076        nan -0.0005235        nan   0.001265        nan   0.002226        nan -0.0002494        nan   0.001553        nan -5.245e-05        nan -0.0008259        nan  -0.001744        nan  0.0003748        nan  -0.001205        nan
62 1   0.003323  -0.004648     0.0092  -0.005727   0.003767  -0.005477  -0.001326   0.004078   0.001696    0.00366  -0.006209   0.003222  0.0009499   0.004834   0.002705  -0.002491  -0.003236    0.00377  -0.001251   0.001354  -0.001327  3.837e-05  0.0004779  0.0009098  -0.001995 -4.501e-05  -0.002295  -0.003058   0.003339 -1.845e-05  0.0008407  0.0008548  -0.001163  -0.001044   0.001569   0.002323   0.001084  0.0001142
62 2 -0.0003081    -0.0214  -0.001515   0.001154   0.003165   -0.01658    0.00367    0.01444   0.005127  -0.001527   0.001196  0.0007087  -0.001033  -0.001857   0.003781  -0.001633   0.001636 -0.0004342   0.000213  -0.002549  0.0003263  0.0007483  -0.001144 -0.0001404  -0.002029   0.007465  -0.003174   0.003165   0.001648  -0.004192  0.0003353  -0.002136  0.0006635   0.002229  -0.001607  -0.001835 -0.0003248  -0.001869
62 3 -0.0005051   0.001475  0.0006351   0.005356  -0.001406 -0.0007427  -0.001329  -0.000718  -0.007127  -0.002303   0.001165  0.0008105  -0.001886  -0.006296  -0.001181  0.0003351  -0.003229  -0.005817  -0.002029  -0.002443 -0.0002783  0.0004667  -0.002296  -0.001586  -0.001322  -0.002594   0.006046   0.001259  4.647e-05   0.001621   0.001883   0.003709  0.0002417 -0.0006057  -0.001316 -0.0009039  0.0005232 -0.0001781
63 0  -0.001777        nan -7.809e-05        nan  0.0006198        nan   0.002685        nan    0.00543        nan   0.000607        nan  0.0006891        nan  0.0005234        nan  -0.001116        nan  0.0002886        nan   0.001287        nan  0.0009038        nan  -0.004195        nan   -0.00455        nan   0.001417        nan -0.0006181        nan  -0.000706        nan -0.0004177        nan  0.0007444        nan
63 1  -0.001808   -0.01994   0.002731   0.002568  -0.008148  -0.002744  -0.003078   0.001777 -0.0009754   0.001325  -0.004342  -0.008533  0.0009607   0.002191  -0.002451  -0.002217  -0.001657 -0.0009591  -0.001309   0.001013   0.001721  0.0002454  -0.001586   0.001119     0.0038  -0.007472    0.00326   0.002934  0.0005417  -0.005125   0.000844  -0.003081  -0.001728 -0.0004895 -0.0009455 -0.0001351    0.00158  -0.007022
63 2  0.0004813  0.0004154   0.002595   -0.00087  -0.001145   -0.00638   -0.00103   0.001468  -0.004206  -0.002723  -0.002025  0.0009565  -0.001879  -0.008151   0.001348  -0.001081   0.003499   -0.00333 -0.0009034 -0.0006787   -0.00275  6.938e-05  -0.002323   0.000364  0.0003876   0.003313   0.006692   0.002821  0.0007354   0.001272   0.001876  0.0004022   0.001687    0.00226 -0.0004812  -0.006867  -0.001349   0.001783
63 3  8.669e-05     0.0117  -0.001974    0.00109    0.01205    0.01088  0.0007621  -0.004622  0.0005315 -0.0008862  -0.003584   0.004434  -0.003117    0.00153   0.002738  -0.001602  -0.000425   0.000185   0.001366  0.0001207 -0.0008095  0.0005198 -0.0009265    0.00109  0.0004574    0.01038   0.002484  0.0004708   0.003237    0.01058  0.0007757   0.002002  0.0005835   0.001322 -0.0002757   0.002598  0.0009591   0.008492
64 0    0.01095        nan   -0.00239        nan  0.0006765        nan   0.001809        nan   0.001871        nan   0.005624        nan -0.0002835        nan  -0.001348        nan  0.0009578        nan   -9.5e-05        nan  -0.000241        nan -0.0009077        nan  -0.002407        nan  -0.001303        nan   0.002884        nan  0.0004543        nan  0.0004314        nan -0.0003709        nan  0.0002324        nan
64 1  -0.002075   0.008995   0.007127  0.0005125  -0.004571   0.002336  0.0001589 -0.0008267  -0.003701 -0.0005718   0.002757  0.0006064 -3.496e-05   -0.00182 -0.0008719  0.0006203   0.001491  -0.001728 -3.959e-06 -0.0007268  0.0003029 -2.147e-05  -0.000534 -0.0006106   0.001523   -0.00274   0.001772   0.001671  -0.002321   0.002815  3.961e-05  0.0002544  0.0003756   0.000289 -0.0007911  -0.001052 -0.0002127 -5.644e-05
64 2    0.00142    0.04116   0.003793   0.001461  -0.004607    0.02008 -0.0003718    -0.0146  -0.003621   0.000535   0.001244  -0.007781  0.0002806  0.0005086  -0.001132  0.0008082 -0.0008437  0.0001245  0.0001506  0.0006649 -0.0001988 -0.0002841  0.0005234  0.0001562 -0.0004913 -0.0005928   0.002027  -0.002041  0.0005064  -0.002268 -0.0002773  0.0005269 -4.695e-05 -0.0005579  0.0006003  0.0004384   0.000149  0.0005246
64 3   0.005514   0.001707  -0.004394  -0.008163  -0.004509  -0.002369 -0.0004129 -0.0009541   0.003716  0.0008288 -0.0009666 -0.0008431  0.0007852   0.002729   0.000657 -6.263e-05   0.001189   0.002696   0.001219   0.001127 -6.603e-06 -0.0001539   0.001298  0.0009631   0.001431   0.001972  -0.003266 -0.0001058  4.419e-05  -0.001271  -0.001236  -0.001604 -7.914e-05  0.0001989   0.001139  0.0009633 -0.0002136  6.954e-06
65 0   0.002367        nan    0.01156        nan  -0.003351        nan  -0.001631        nan  -0.004703        nan  0.0004898        nan -0.0006005        nan -0.0002868        nan  0.0004433        nan -0.0002421        nan -0.0003337        nan   -0.00039        nan   0.001884        nan    0.00199        nan -0.0003997        nan  0.0002818        nan  0.0002357        nan   7.89e-06        nan -0.0001975        nan
65 1    0.00767    0.01378  -0.006003   0.005349   0.005811   -0.02255   0.002119   -0.00127   0.001576  -0.002346   0.002638    0.00589  0.0001017  -0.001019   0.001331  0.0009133  0.0008014  0.0002492  0.0008565 -0.0006428 -0.0006106 -6.753e-05  0.0009672 -0.0007775  -0.002896   0.005763  -0.001682  -0.001199  0.0004264   0.002078 -0.0009196   0.001221  0.0004237  6.701e-05  0.0008815 -0.0005544 -0.0004004   0.001486
65 2   0.004646   0.007132  -0.001566   0.003185  0.0009063   0.008437  0.0007505  -0.002179   0.002804   0.001661   0.001511  -0.002022    0.00107   0.002876  -6.62e-05  0.0006019  -0.001263  0.0007719  0.0003175  0.0001058  0.0007399  -2.15e-05  0.0007974 -8.095e-05  -0.002062  -0.001607  -0.003367  -0.001381   0.001926    -0.0013 -0.0007167 -0.0002416 -0.0005737 -0.0006969   0.000312   0.001842  0.0002948 -0.0004289
65 3  -0.008501   -0.02059   -0.00466  -0.001744   0.002457   0.008698  0.0006631   0.004729  0.0008019 -7.525e-05 -0.0006016  -0.001794  0.0009204 -0.0005872  -0.001324  0.0007574  0.0006503  6.932e-05 -0.0003595  -0.000289  0.0004229 -8.912e-05  4.692e-05 -0.0005616  0.0005266  -0.006999 -0.0009147 -9.698e-05  -0.002472  -0.003768  -0.000151 -0.0001067  -0.000136 -0.0003486 -4.108e-05 -0.0009102 -0.0002376  -0.001784
